largo de la clave,cantidad de palabras,semejanza entre claves
5,100,0.8
5,200,0.8
5,300,0.8
5,400,1.0
5,500,1.0
5,600,1.0
5,700,1.0
5,800,1.0
5,900,1.0
5,1000,1.0
5,1100,1.0
5,1200,1.0
5,1300,1.0
5,1400,1.0
5,1500,1.0
5,1600,1.0
5,1700,1.0
5,1800,1.0
5,1900,1.0
5,2000,1.0
5,2100,1.0
5,2200,1.0
5,2300,1.0
5,2400,1.0
5,2500,1.0
5,2600,1.0
5,2700,1.0
5,2800,1.0
5,2900,1.0
5,3000,1.0
5,3100,1.0
5,3200,1.0
5,3300,1.0
5,3400,1.0
5,3500,1.0
5,3600,1.0
5,3700,1.0
5,3800,1.0
5,3900,1.0
5,4000,1.0
5,4100,1.0
5,4200,1.0
5,4300,1.0
5,4400,1.0
5,4500,1.0
5,4600,1.0
5,4700,1.0
5,4800,1.0
5,4900,1.0
5,5000,1.0
5,5100,1.0
5,5200,1.0
5,5300,1.0
5,5400,1.0
5,5500,1.0
5,5600,1.0
5,5700,1.0
5,5800,1.0
5,5900,1.0
5,6000,1.0
5,6100,1.0
5,6200,1.0
5,6300,1.0
5,6400,1.0
5,6500,1.0
5,6600,1.0
5,6700,1.0
5,6800,1.0
5,6900,1.0
5,7000,1.0
5,7100,1.0
5,7200,1.0
5,7300,1.0
5,7400,1.0
5,7500,1.0
5,7600,1.0
5,7700,1.0
5,7800,1.0
5,7900,1.0
5,8000,1.0
5,8100,1.0
5,8200,1.0
5,8300,1.0
5,8400,1.0
5,8500,1.0
5,8600,1.0
5,8700,1.0
5,8800,1.0
5,8900,1.0
5,9000,1.0
5,9100,1.0
5,9200,1.0
5,9300,1.0
5,9400,1.0
5,9500,1.0
5,9600,1.0
5,9700,1.0
5,9800,1.0
5,9900,1.0
10,100,0.7
10,200,0.8
10,300,1.0
10,400,0.9
10,500,0.9
10,600,1.0
10,700,0.9
10,800,1.0
10,900,1.0
10,1000,1.0
10,1100,1.0
10,1200,1.0
10,1300,1.0
10,1400,1.0
10,1500,1.0
10,1600,1.0
10,1700,1.0
10,1800,1.0
10,1900,1.0
10,2000,1.0
10,2100,1.0
10,2200,1.0
10,2300,1.0
10,2400,1.0
10,2500,1.0
10,2600,1.0
10,2700,1.0
10,2800,1.0
10,2900,1.0
10,3000,1.0
10,3100,1.0
10,3200,1.0
10,3300,1.0
10,3400,1.0
10,3500,1.0
10,3600,1.0
10,3700,1.0
10,3800,1.0
10,3900,1.0
10,4000,1.0
10,4100,1.0
10,4200,1.0
10,4300,1.0
10,4400,1.0
10,4500,1.0
10,4600,1.0
10,4700,1.0
10,4800,1.0
10,4900,1.0
10,5000,1.0
10,5100,1.0
10,5200,1.0
10,5300,1.0
10,5400,1.0
10,5500,1.0
10,5600,1.0
10,5700,1.0
10,5800,1.0
10,5900,1.0
10,6000,1.0
10,6100,1.0
10,6200,1.0
10,6300,1.0
10,6400,1.0
10,6500,1.0
10,6600,1.0
10,6700,1.0
10,6800,1.0
10,6900,1.0
10,7000,1.0
10,7100,1.0
10,7200,1.0
10,7300,1.0
10,7400,1.0
10,7500,1.0
10,7600,1.0
10,7700,1.0
10,7800,1.0
10,7900,1.0
10,8000,1.0
10,8100,1.0
10,8200,1.0
10,8300,1.0
10,8400,1.0
10,8500,1.0
10,8600,1.0
10,8700,1.0
10,8800,1.0
10,8900,1.0
10,9000,1.0
10,9100,1.0
10,9200,1.0
10,9300,1.0
10,9400,1.0
10,9500,1.0
10,9600,1.0
10,9700,1.0
10,9800,1.0
10,9900,1.0
15,100,0.6666666666666666
15,200,0.6666666666666666
15,300,0.8
15,400,0.6666666666666666
15,500,0.8
15,600,0.8
15,700,0.9333333333333333
15,800,0.7333333333333333
15,900,0.8666666666666667
15,1000,0.8666666666666667
15,1100,0.8
15,1200,0.9333333333333333
15,1300,0.9333333333333333
15,1400,0.9333333333333333
15,1500,0.9333333333333333
15,1600,0.8
15,1700,0.9333333333333333
15,1800,0.8666666666666667
15,1900,1.0
15,2000,1.0
15,2100,1.0
15,2200,0.9333333333333333
15,2300,1.0
15,2400,0.8666666666666667
15,2500,0.8666666666666667
15,2600,1.0
15,2700,1.0
15,2800,1.0
15,2900,1.0
15,3000,1.0
15,3100,1.0
15,3200,1.0
15,3300,1.0
15,3400,1.0
15,3500,1.0
15,3600,1.0
15,3700,1.0
15,3800,1.0
15,3900,1.0
15,4000,1.0
15,4100,1.0
15,4200,1.0
15,4300,1.0
15,4400,1.0
15,4500,1.0
15,4600,1.0
15,4700,1.0
15,4800,1.0
15,4900,1.0
15,5000,1.0
15,5100,1.0
15,5200,1.0
15,5300,1.0
15,5400,1.0
15,5500,1.0
15,5600,1.0
15,5700,1.0
15,5800,1.0
15,5900,1.0
15,6000,1.0
15,6100,1.0
15,6200,1.0
15,6300,1.0
15,6400,1.0
15,6500,1.0
15,6600,1.0
15,6700,1.0
15,6800,1.0
15,6900,1.0
15,7000,1.0
15,7100,1.0
15,7200,1.0
15,7300,1.0
15,7400,1.0
15,7500,1.0
15,7600,1.0
15,7700,1.0
15,7800,1.0
15,7900,1.0
15,8000,1.0
15,8100,1.0
15,8200,1.0
15,8300,1.0
15,8400,1.0
15,8500,1.0
15,8600,1.0
15,8700,1.0
15,8800,1.0
15,8900,1.0
15,9000,1.0
15,9100,1.0
15,9200,1.0
15,9300,1.0
15,9400,1.0
15,9500,1.0
15,9600,1.0
15,9700,1.0
15,9800,1.0
15,9900,1.0
20,100,0.4
20,200,0.6
20,300,0.85
20,400,0.7
20,500,0.9
20,600,0.75
20,700,0.75
20,800,0.8
20,900,0.8
20,1000,0.75
20,1100,1.0
20,1200,0.95
20,1300,0.95
20,1400,0.95
20,1500,1.0
20,1600,0.95
20,1700,0.95
20,1800,0.95
20,1900,0.95
20,2000,0.95
20,2100,0.95
20,2200,0.95
20,2300,0.95
20,2400,0.9
20,2500,0.95
20,2600,0.95
20,2700,0.9
20,2800,0.9
20,2900,0.95
20,3000,0.9
20,3100,0.9
20,3200,0.9
20,3300,0.95
20,3400,0.95
20,3500,0.9
20,3600,0.9
20,3700,0.9
20,3800,0.9
20,3900,0.9
20,4000,0.9
20,4100,0.9
20,4200,1.0
20,4300,1.0
20,4400,1.0
20,4500,1.0
20,4600,1.0
20,4700,1.0
20,4800,1.0
20,4900,1.0
20,5000,1.0
20,5100,1.0
20,5200,1.0
20,5300,1.0
20,5400,1.0
20,5500,1.0
20,5600,1.0
20,5700,1.0
20,5800,1.0
20,5900,1.0
20,6000,1.0
20,6100,1.0
20,6200,1.0
20,6300,1.0
20,6400,1.0
20,6500,1.0
20,6600,1.0
20,6700,1.0
20,6800,1.0
20,6900,1.0
20,7000,1.0
20,7100,1.0
20,7200,1.0
20,7300,1.0
20,7400,1.0
20,7500,1.0
20,7600,1.0
20,7700,1.0
20,7800,1.0
20,7900,1.0
20,8000,1.0
20,8100,1.0
20,8200,1.0
20,8300,1.0
20,8400,1.0
20,8500,1.0
20,8600,1.0
20,8700,1.0
20,8800,1.0
20,8900,1.0
20,9000,1.0
20,9100,1.0
20,9200,1.0
20,9300,1.0
20,9400,1.0
20,9500,1.0
20,9600,1.0
20,9700,1.0
20,9800,1.0
20,9900,1.0
25,100,0.28
25,200,0.2
25,300,0.36
25,400,0.64
25,500,0.72
25,600,0.76
25,700,0.8
25,800,0.84
25,900,0.92
25,1000,0.8
25,1100,0.92
25,1200,0.92
25,1300,0.88
25,1400,0.8
25,1500,0.8
25,1600,0.88
25,1700,0.92
25,1800,0.88
25,1900,0.88
25,2000,0.92
25,2100,0.96
25,2200,0.96
25,2300,0.92
25,2400,0.84
25,2500,0.88
25,2600,0.96
25,2700,0.96
25,2800,0.92
25,2900,0.92
25,3000,0.92
25,3100,0.92
25,3200,0.92
25,3300,0.92
25,3400,0.92
25,3500,0.96
25,3600,1.0
25,3700,0.96
25,3800,1.0
25,3900,0.96
25,4000,0.92
25,4100,0.92
25,4200,1.0
25,4300,1.0
25,4400,1.0
25,4500,1.0
25,4600,1.0
25,4700,1.0
25,4800,1.0
25,4900,1.0
25,5000,1.0
25,5100,0.96
25,5200,1.0
25,5300,1.0
25,5400,0.96
25,5500,0.96
25,5600,0.96
25,5700,1.0
25,5800,1.0
25,5900,1.0
25,6000,1.0
25,6100,1.0
25,6200,1.0
25,6300,1.0
25,6400,1.0
25,6500,1.0
25,6600,1.0
25,6700,1.0
25,6800,1.0
25,6900,1.0
25,7000,1.0
25,7100,1.0
25,7200,1.0
25,7300,1.0
25,7400,1.0
25,7500,1.0
25,7600,1.0
25,7700,1.0
25,7800,1.0
25,7900,1.0
25,8000,1.0
25,8100,1.0
25,8200,1.0
25,8300,1.0
25,8400,1.0
25,8500,1.0
25,8600,1.0
25,8700,1.0
25,8800,1.0
25,8900,1.0
25,9000,1.0
25,9100,1.0
25,9200,1.0
25,9300,1.0
25,9400,1.0
25,9500,1.0
25,9600,1.0
25,9700,1.0
25,9800,1.0
25,9900,1.0
30,100,0.36666666666666664
30,200,0.43333333333333335
30,300,0.6666666666666666
30,400,0.7
30,500,0.8
30,600,0.8
30,700,0.8
30,800,0.7666666666666667
30,900,0.7666666666666667
30,1000,0.8
30,1100,0.7333333333333333
30,1200,0.8666666666666667
30,1300,0.8
30,1400,0.8333333333333334
30,1500,0.7666666666666667
30,1600,0.8333333333333334
30,1700,0.8666666666666667
30,1800,0.9
30,1900,0.9
30,2000,0.8666666666666667
30,2100,0.9
30,2200,1.0
30,2300,1.0
30,2400,1.0
30,2500,0.9666666666666667
30,2600,0.9333333333333333
30,2700,0.9333333333333333
30,2800,0.9666666666666667
30,2900,0.9333333333333333
30,3000,0.9666666666666667
30,3100,0.9333333333333333
30,3200,0.9
30,3300,0.9333333333333333
30,3400,0.9333333333333333
30,3500,0.9333333333333333
30,3600,0.9666666666666667
30,3700,0.9333333333333333
30,3800,0.9
30,3900,0.9
30,4000,0.9
30,4100,0.9666666666666667
30,4200,1.0
30,4300,1.0
30,4400,0.9666666666666667
30,4500,1.0
30,4600,1.0
30,4700,1.0
30,4800,0.9666666666666667
30,4900,1.0
30,5000,1.0
30,5100,0.9333333333333333
30,5200,0.9333333333333333
30,5300,0.9666666666666667
30,5400,1.0
30,5500,1.0
30,5600,1.0
30,5700,1.0
30,5800,1.0
30,5900,1.0
30,6000,1.0
30,6100,1.0
30,6200,1.0
30,6300,1.0
30,6400,1.0
30,6500,1.0
30,6600,1.0
30,6700,1.0
30,6800,1.0
30,6900,1.0
30,7000,1.0
30,7100,1.0
30,7200,1.0
30,7300,1.0
30,7400,1.0
30,7500,1.0
30,7600,1.0
30,7700,1.0
30,7800,1.0
30,7900,1.0
30,8000,1.0
30,8100,1.0
30,8200,1.0
30,8300,1.0
30,8400,1.0
30,8500,1.0
30,8600,1.0
30,8700,1.0
30,8800,1.0
30,8900,1.0
30,9000,1.0
30,9100,1.0
30,9200,1.0
30,9300,1.0
30,9400,1.0
30,9500,1.0
30,9600,1.0
30,9700,1.0
30,9800,1.0
30,9900,1.0
35,100,0.05714285714285714
35,200,0.17142857142857143
35,300,0.2
35,400,0.22857142857142856
35,500,0.7428571428571429
35,600,0.8
35,700,0.7714285714285715
35,800,0.8857142857142857
35,900,0.8285714285714286
35,1000,0.8285714285714286
35,1100,0.8285714285714286
35,1200,0.8857142857142857
35,1300,0.8571428571428571
35,1400,0.8571428571428571
35,1500,0.9142857142857143
35,1600,0.8571428571428571
35,1700,0.8
35,1800,0.8571428571428571
35,1900,0.8571428571428571
35,2000,0.8285714285714286
35,2100,0.8857142857142857
35,2200,0.8857142857142857
35,2300,0.9714285714285714
35,2400,1.0
35,2500,0.9714285714285714
35,2600,0.9428571428571428
35,2700,0.9714285714285714
35,2800,0.9428571428571428
35,2900,0.9428571428571428
35,3000,0.9714285714285714
35,3100,0.9714285714285714
35,3200,1.0
35,3300,0.9714285714285714
35,3400,1.0
35,3500,0.9714285714285714
35,3600,0.9714285714285714
35,3700,0.9428571428571428
35,3800,0.9714285714285714
35,3900,0.9714285714285714
35,4000,1.0
35,4100,0.9714285714285714
35,4200,0.9714285714285714
35,4300,0.9714285714285714
35,4400,0.9428571428571428
35,4500,0.9428571428571428
35,4600,0.9428571428571428
35,4700,0.9714285714285714
35,4800,0.9428571428571428
35,4900,0.9714285714285714
35,5000,1.0
35,5100,0.9428571428571428
35,5200,0.9714285714285714
35,5300,1.0
35,5400,0.9714285714285714
35,5500,0.9714285714285714
35,5600,0.9714285714285714
35,5700,1.0
35,5800,0.9714285714285714
35,5900,0.9714285714285714
35,6000,1.0
35,6100,1.0
35,6200,1.0
35,6300,1.0
35,6400,1.0
35,6500,1.0
35,6600,1.0
35,6700,1.0
35,6800,1.0
35,6900,1.0
35,7000,1.0
35,7100,1.0
35,7200,1.0
35,7300,1.0
35,7400,1.0
35,7500,1.0
35,7600,1.0
35,7700,1.0
35,7800,1.0
35,7900,1.0
35,8000,1.0
35,8100,1.0
35,8200,1.0
35,8300,1.0
35,8400,1.0
35,8500,1.0
35,8600,1.0
35,8700,1.0
35,8800,1.0
35,8900,1.0
35,9000,1.0
35,9100,1.0
35,9200,1.0
35,9300,1.0
35,9400,1.0
35,9500,1.0
35,9600,1.0
35,9700,1.0
35,9800,1.0
35,9900,1.0
40,100,0.0
40,200,0.275
40,300,0.3
40,400,0.3
40,500,0.675
40,600,0.6
40,700,0.7
40,800,0.675
40,900,0.7
40,1000,0.825
40,1100,0.85
40,1200,0.75
40,1300,0.875
40,1400,0.85
40,1500,0.8
40,1600,0.825
40,1700,0.85
40,1800,0.825
40,1900,0.875
40,2000,0.9
40,2100,0.925
40,2200,0.975
40,2300,0.975
40,2400,0.925
40,2500,1.0
40,2600,0.95
40,2700,0.95
40,2800,0.975
40,2900,0.975
40,3000,0.925
40,3100,0.95
40,3200,0.95
40,3300,0.95
40,3400,0.975
40,3500,0.975
40,3600,0.975
40,3700,1.0
40,3800,1.0
40,3900,0.975
40,4000,1.0
40,4100,0.975
40,4200,0.975
40,4300,0.95
40,4400,0.975
40,4500,0.975
40,4600,0.975
40,4700,1.0
40,4800,1.0
40,4900,0.975
40,5000,0.975
40,5100,0.975
40,5200,0.975
40,5300,1.0
40,5400,0.975
40,5500,1.0
40,5600,1.0
40,5700,1.0
40,5800,1.0
40,5900,1.0
40,6000,1.0
40,6100,1.0
40,6200,1.0
40,6300,1.0
40,6400,1.0
40,6500,1.0
40,6600,1.0
40,6700,1.0
40,6800,1.0
40,6900,1.0
40,7000,1.0
40,7100,1.0
40,7200,1.0
40,7300,1.0
40,7400,1.0
40,7500,1.0
40,7600,1.0
40,7700,1.0
40,7800,1.0
40,7900,1.0
40,8000,1.0
40,8100,1.0
40,8200,1.0
40,8300,1.0
40,8400,1.0
40,8500,1.0
40,8600,1.0
40,8700,1.0
40,8800,1.0
40,8900,1.0
40,9000,1.0
40,9100,1.0
40,9200,1.0
40,9300,1.0
40,9400,1.0
40,9500,1.0
40,9600,1.0
40,9700,1.0
40,9800,1.0
40,9900,1.0
45,100,0.37777777777777777
45,200,0.24444444444444444
45,300,0.2222222222222222
45,400,0.2
45,500,0.3333333333333333
45,600,0.26666666666666666
45,700,0.28888888888888886
45,800,0.5777777777777777
45,900,0.6888888888888889
45,1000,0.7333333333333333
45,1100,0.7555555555555555
45,1200,0.7777777777777778
45,1300,0.7111111111111111
45,1400,0.8
45,1500,0.8
45,1600,0.7555555555555555
45,1700,0.8
45,1800,0.8444444444444444
45,1900,0.8
45,2000,0.8444444444444444
45,2100,0.8222222222222222
45,2200,0.8444444444444444
45,2300,0.9111111111111111
45,2400,0.9333333333333333
45,2500,0.9555555555555556
45,2600,0.9111111111111111
45,2700,0.9111111111111111
45,2800,0.9333333333333333
45,2900,0.8444444444444444
45,3000,0.9111111111111111
45,3100,0.9111111111111111
45,3200,0.9333333333333333
45,3300,0.8888888888888888
45,3400,0.9777777777777777
45,3500,0.9555555555555556
45,3600,0.9555555555555556
45,3700,0.9333333333333333
45,3800,0.9777777777777777
45,3900,0.9555555555555556
45,4000,0.9555555555555556
45,4100,0.9555555555555556
45,4200,0.9555555555555556
45,4300,0.9555555555555556
45,4400,0.9555555555555556
45,4500,0.9777777777777777
45,4600,0.9777777777777777
45,4700,0.9555555555555556
45,4800,0.9777777777777777
45,4900,0.9777777777777777
45,5000,0.9777777777777777
45,5100,0.9777777777777777
45,5200,0.9777777777777777
45,5300,0.9777777777777777
45,5400,0.9555555555555556
45,5500,0.9555555555555556
45,5600,0.9555555555555556
45,5700,0.9555555555555556
45,5800,0.9555555555555556
45,5900,0.9777777777777777
45,6000,0.9777777777777777
45,6100,0.9777777777777777
45,6200,1.0
45,6300,1.0
45,6400,1.0
45,6500,1.0
45,6600,1.0
45,6700,1.0
45,6800,1.0
45,6900,1.0
45,7000,1.0
45,7100,1.0
45,7200,1.0
45,7300,0.9777777777777777
45,7400,1.0
45,7500,0.9777777777777777
45,7600,0.9777777777777777
45,7700,0.9777777777777777
45,7800,0.9777777777777777
45,7900,1.0
45,8000,1.0
45,8100,0.9777777777777777
45,8200,1.0
45,8300,0.9777777777777777
45,8400,0.9777777777777777
45,8500,0.9777777777777777
45,8600,0.9777777777777777
45,8700,0.9777777777777777
45,8800,0.9777777777777777
45,8900,0.9777777777777777
45,9000,0.9777777777777777
45,9100,0.9777777777777777
45,9200,0.9777777777777777
45,9300,0.9777777777777777
45,9400,0.9777777777777777
45,9500,0.9777777777777777
45,9600,0.9777777777777777
45,9700,0.9777777777777777
45,9800,0.9777777777777777
45,9900,0.9777777777777777
50,100,0.06
50,200,0.1
50,300,0.0
50,400,0.0
50,500,0.54
50,600,0.7
50,700,0.66
50,800,0.78
50,900,0.72
50,1000,0.8
50,1100,0.78
50,1200,0.72
50,1300,0.8
50,1400,0.82
50,1500,0.82
50,1600,0.8
50,1700,0.84
50,1800,0.82
50,1900,0.8
50,2000,0.76
50,2100,0.8
50,2200,0.8
50,2300,0.82
50,2400,0.8
50,2500,0.84
50,2600,0.88
50,2700,0.92
50,2800,0.84
50,2900,0.9
50,3000,0.96
50,3100,0.96
50,3200,0.92
50,3300,0.94
50,3400,0.92
50,3500,0.94
50,3600,0.9
50,3700,0.9
50,3800,0.92
50,3900,0.96
50,4000,0.94
50,4100,0.94
50,4200,0.96
50,4300,0.94
50,4400,0.96
50,4500,0.94
50,4600,0.96
50,4700,0.94
50,4800,0.9
50,4900,0.94
50,5000,0.94
50,5100,0.96
50,5200,0.96
50,5300,0.98
50,5400,0.98
50,5500,0.94
50,5600,0.96
50,5700,0.96
50,5800,0.98
50,5900,0.96
50,6000,0.94
50,6100,0.98
50,6200,1.0
50,6300,1.0
50,6400,1.0
50,6500,0.98
50,6600,1.0
50,6700,1.0
50,6800,1.0
50,6900,0.98
50,7000,1.0
50,7100,1.0
50,7200,0.98
50,7300,0.98
50,7400,0.98
50,7500,0.98
50,7600,0.98
50,7700,1.0
50,7800,1.0
50,7900,1.0
50,8000,1.0
50,8100,1.0
50,8200,1.0
50,8300,0.98
50,8400,1.0
50,8500,1.0
50,8600,1.0
50,8700,1.0
50,8800,1.0
50,8900,1.0
50,9000,1.0
50,9100,1.0
50,9200,1.0
50,9300,1.0
50,9400,1.0
50,9500,1.0
50,9600,1.0
50,9700,1.0
50,9800,1.0
50,9900,1.0
55,100,0.2
55,200,0.32727272727272727
55,300,0.32727272727272727
55,400,0.41818181818181815
55,500,0.34545454545454546
55,600,0.4909090909090909
55,700,0.16363636363636364
55,800,0.7272727272727273
55,900,0.7090909090909091
55,1000,0.7272727272727273
55,1100,0.7818181818181819
55,1200,0.7272727272727273
55,1300,0.6727272727272727
55,1400,0.7636363636363637
55,1500,0.7636363636363637
55,1600,0.7636363636363637
55,1700,0.7454545454545455
55,1800,0.7818181818181819
55,1900,0.8
55,2000,0.8363636363636363
55,2100,0.8909090909090909
55,2200,0.8363636363636363
55,2300,0.9090909090909091
55,2400,0.8727272727272727
55,2500,0.9090909090909091
55,2600,0.9090909090909091
55,2700,0.8909090909090909
55,2800,0.9272727272727272
55,2900,0.8727272727272727
55,3000,0.9272727272727272
55,3100,0.9454545454545454
55,3200,0.8909090909090909
55,3300,0.9272727272727272
55,3400,0.9090909090909091
55,3500,0.9454545454545454
55,3600,0.8909090909090909
55,3700,0.9454545454545454
55,3800,0.9272727272727272
55,3900,0.9636363636363636
55,4000,0.9454545454545454
55,4100,0.9272727272727272
55,4200,0.9272727272727272
55,4300,0.9636363636363636
55,4400,0.9636363636363636
55,4500,0.9454545454545454
55,4600,0.9636363636363636
55,4700,0.9636363636363636
55,4800,1.0
55,4900,0.9818181818181818
55,5000,0.9818181818181818
55,5100,0.9818181818181818
55,5200,1.0
55,5300,1.0
55,5400,1.0
55,5500,1.0
55,5600,1.0
55,5700,1.0
55,5800,1.0
55,5900,0.9818181818181818
55,6000,1.0
55,6100,0.9818181818181818
55,6200,0.9818181818181818
55,6300,0.9818181818181818
55,6400,0.9818181818181818
55,6500,1.0
55,6600,0.9818181818181818
55,6700,0.9818181818181818
55,6800,0.9636363636363636
55,6900,0.9818181818181818
55,7000,1.0
55,7100,1.0
55,7200,1.0
55,7300,1.0
55,7400,1.0
55,7500,1.0
55,7600,1.0
55,7700,1.0
55,7800,1.0
55,7900,1.0
55,8000,1.0
55,8100,1.0
55,8200,1.0
55,8300,1.0
55,8400,0.9818181818181818
55,8500,1.0
55,8600,1.0
55,8700,1.0
55,8800,1.0
55,8900,1.0
55,9000,1.0
55,9100,1.0
55,9200,1.0
55,9300,1.0
55,9400,1.0
55,9500,1.0
55,9600,1.0
55,9700,0.9818181818181818
55,9800,0.9818181818181818
55,9900,1.0
60,100,0.016666666666666666
60,200,0.15
60,300,0.18333333333333332
60,400,0.5333333333333333
60,500,0.6333333333333333
60,600,0.5833333333333334
60,700,0.6833333333333333
60,800,0.6666666666666666
60,900,0.65
60,1000,0.65
60,1100,0.6833333333333333
60,1200,0.65
60,1300,0.6666666666666666
60,1400,0.6833333333333333
60,1500,0.7166666666666667
60,1600,0.7166666666666667
60,1700,0.7666666666666667
60,1800,0.8333333333333334
60,1900,0.8166666666666667
60,2000,0.7833333333333333
60,2100,0.7833333333333333
60,2200,0.8666666666666667
60,2300,0.8833333333333333
60,2400,0.8333333333333334
60,2500,0.9166666666666666
60,2600,0.9
60,2700,0.8666666666666667
60,2800,0.8833333333333333
60,2900,0.8166666666666667
60,3000,0.8666666666666667
60,3100,0.8833333333333333
60,3200,0.8833333333333333
60,3300,0.85
60,3400,0.8666666666666667
60,3500,0.9
60,3600,0.8833333333333333
60,3700,0.8833333333333333
60,3800,0.85
60,3900,0.8666666666666667
60,4000,0.8666666666666667
60,4100,0.9
60,4200,0.8833333333333333
60,4300,0.8833333333333333
60,4400,0.9166666666666666
60,4500,0.9
60,4600,0.9
60,4700,0.9166666666666666
60,4800,0.95
60,4900,0.9333333333333333
60,5000,0.9166666666666666
60,5100,0.9
60,5200,0.9
60,5300,0.9
60,5400,0.9166666666666666
60,5500,0.95
60,5600,0.9333333333333333
60,5700,0.9333333333333333
60,5800,0.95
60,5900,0.9666666666666667
60,6000,0.9333333333333333
60,6100,0.9166666666666666
60,6200,0.95
60,6300,0.95
60,6400,0.9666666666666667
60,6500,0.9833333333333333
60,6600,0.95
60,6700,1.0
60,6800,0.95
60,6900,0.9666666666666667
60,7000,0.9666666666666667
60,7100,0.9666666666666667
60,7200,0.95
60,7300,0.9833333333333333
60,7400,0.95
60,7500,1.0
60,7600,0.9833333333333333
60,7700,0.9833333333333333
60,7800,1.0
60,7900,0.9833333333333333
60,8000,0.9833333333333333
60,8100,1.0
60,8200,1.0
60,8300,1.0
60,8400,1.0
60,8500,1.0
60,8600,1.0
60,8700,1.0
60,8800,1.0
60,8900,1.0
60,9000,0.9833333333333333
60,9100,0.9666666666666667
60,9200,1.0
60,9300,1.0
60,9400,1.0
60,9500,0.9833333333333333
60,9600,0.9833333333333333
60,9700,0.9666666666666667
60,9800,0.9666666666666667
60,9900,0.9833333333333333
65,100,0.0
65,200,0.2
65,300,0.38461538461538464
65,400,0.3384615384615385
65,500,0.2923076923076923
65,600,0.2923076923076923
65,700,0.6307692307692307
65,800,0.36923076923076925
65,900,0.6307692307692307
65,1000,0.6153846153846154
65,1100,0.7692307692307693
65,1200,0.8
65,1300,0.676923076923077
65,1400,0.7692307692307693
65,1500,0.7846153846153846
65,1600,0.8153846153846154
65,1700,0.7384615384615385
65,1800,0.8153846153846154
65,1900,0.7230769230769231
65,2000,0.6615384615384615
65,2100,0.7538461538461538
65,2200,0.7538461538461538
65,2300,0.7692307692307693
65,2400,0.7846153846153846
65,2500,0.8153846153846154
65,2600,0.8461538461538461
65,2700,0.7846153846153846
65,2800,0.8153846153846154
65,2900,0.8769230769230769
65,3000,0.9076923076923077
65,3100,0.9076923076923077
65,3200,0.8615384615384616
65,3300,0.9384615384615385
65,3400,0.9230769230769231
65,3500,0.9384615384615385
65,3600,0.9076923076923077
65,3700,0.8615384615384616
65,3800,0.9076923076923077
65,3900,0.9076923076923077
65,4000,0.9076923076923077
65,4100,0.8923076923076924
65,4200,0.9538461538461539
65,4300,0.9692307692307692
65,4400,0.9692307692307692
65,4500,1.0
65,4600,0.9692307692307692
65,4700,0.9846153846153847
65,4800,0.9692307692307692
65,4900,0.9846153846153847
65,5000,0.9846153846153847
65,5100,0.9692307692307692
65,5200,0.9846153846153847
65,5300,0.9538461538461539
65,5400,0.9846153846153847
65,5500,0.9692307692307692
65,5600,1.0
65,5700,0.9846153846153847
65,5800,0.9846153846153847
65,5900,0.9846153846153847
65,6000,0.9692307692307692
65,6100,0.9846153846153847
65,6200,0.9692307692307692
65,6300,0.9846153846153847
65,6400,0.9846153846153847
65,6500,0.9846153846153847
65,6600,1.0
65,6700,0.9538461538461539
65,6800,0.9692307692307692
65,6900,0.9846153846153847
65,7000,0.9846153846153847
65,7100,0.9846153846153847
65,7200,0.9846153846153847
65,7300,0.9846153846153847
65,7400,0.9846153846153847
65,7500,0.9692307692307692
65,7600,0.9846153846153847
65,7700,1.0
65,7800,1.0
65,7900,0.9846153846153847
65,8000,0.9692307692307692
65,8100,0.9692307692307692
65,8200,0.9538461538461539
65,8300,0.9538461538461539
65,8400,0.9692307692307692
65,8500,0.9692307692307692
65,8600,0.9538461538461539
65,8700,0.9846153846153847
65,8800,0.9692307692307692
65,8900,0.9692307692307692
65,9000,0.9692307692307692
65,9100,0.9846153846153847
65,9200,0.9846153846153847
65,9300,0.9692307692307692
65,9400,0.9846153846153847
65,9500,1.0
65,9600,0.9692307692307692
65,9700,0.9692307692307692
65,9800,0.9692307692307692
65,9900,0.9692307692307692
70,100,0.02857142857142857
70,200,0.24285714285714285
70,300,0.4142857142857143
70,400,0.0
70,500,0.3
70,600,0.2857142857142857
70,700,0.6285714285714286
70,800,0.4142857142857143
70,900,0.6285714285714286
70,1000,0.6714285714285714
70,1100,0.6285714285714286
70,1200,0.6714285714285714
70,1300,0.35714285714285715
70,1400,0.7
70,1500,0.7571428571428571
70,1600,0.7285714285714285
70,1700,0.7285714285714285
70,1800,0.6714285714285714
70,1900,0.7142857142857143
70,2000,0.7142857142857143
70,2100,0.7142857142857143
70,2200,0.7428571428571429
70,2300,0.7714285714285715
70,2400,0.7571428571428571
70,2500,0.7571428571428571
70,2600,0.7571428571428571
70,2700,0.8142857142857143
70,2800,0.8857142857142857
70,2900,0.8142857142857143
70,3000,0.7857142857142857
70,3100,0.8142857142857143
70,3200,0.7857142857142857
70,3300,0.8
70,3400,0.8714285714285714
70,3500,0.8428571428571429
70,3600,0.9142857142857143
70,3700,0.9142857142857143
70,3800,0.8714285714285714
70,3900,0.8857142857142857
70,4000,0.9
70,4100,0.9285714285714286
70,4200,0.9
70,4300,0.9428571428571428
70,4400,0.9142857142857143
70,4500,0.9
70,4600,0.9285714285714286
70,4700,0.9428571428571428
70,4800,0.9571428571428572
70,4900,0.9428571428571428
70,5000,0.9428571428571428
70,5100,0.9428571428571428
70,5200,0.9571428571428572
70,5300,0.9285714285714286
70,5400,0.9571428571428572
70,5500,0.9714285714285714
70,5600,0.9714285714285714
70,5700,0.9857142857142858
70,5800,0.9857142857142858
70,5900,0.9857142857142858
70,6000,0.9571428571428572
70,6100,0.9857142857142858
70,6200,0.9857142857142858
70,6300,1.0
70,6400,0.9857142857142858
70,6500,0.9714285714285714
70,6600,0.9714285714285714
70,6700,0.9714285714285714
70,6800,0.9714285714285714
70,6900,0.9714285714285714
70,7000,0.9714285714285714
70,7100,0.9857142857142858
70,7200,1.0
70,7300,0.9857142857142858
70,7400,0.9857142857142858
70,7500,1.0
70,7600,1.0
70,7700,0.9857142857142858
70,7800,0.9857142857142858
70,7900,1.0
70,8000,0.9857142857142858
70,8100,1.0
70,8200,1.0
70,8300,1.0
70,8400,0.9714285714285714
70,8500,0.9857142857142858
70,8600,1.0
70,8700,0.9857142857142858
70,8800,0.9857142857142858
70,8900,0.9857142857142858
70,9000,1.0
70,9100,1.0
70,9200,0.9857142857142858
70,9300,1.0
70,9400,0.9857142857142858
70,9500,0.9714285714285714
70,9600,0.9857142857142858
70,9700,1.0
70,9800,0.9857142857142858
70,9900,0.9857142857142858
75,100,0.22666666666666666
75,200,0.28
75,300,0.44
75,400,0.3466666666666667
75,500,0.17333333333333334
75,600,0.38666666666666666
75,700,0.29333333333333333
75,800,0.4266666666666667
75,900,0.38666666666666666
75,1000,0.28
75,1100,0.64
75,1200,0.22666666666666666
75,1300,0.29333333333333333
75,1400,0.7066666666666667
75,1500,0.72
75,1600,0.6666666666666666
75,1700,0.7466666666666667
75,1800,0.72
75,1900,0.7733333333333333
75,2000,0.7466666666666667
75,2100,0.7466666666666667
75,2200,0.7466666666666667
75,2300,0.7733333333333333
75,2400,0.8
75,2500,0.8133333333333334
75,2600,0.8
75,2700,0.88
75,2800,0.84
75,2900,0.8533333333333334
75,3000,0.8666666666666667
75,3100,0.88
75,3200,0.92
75,3300,0.8533333333333334
75,3400,0.8666666666666667
75,3500,0.88
75,3600,0.9466666666666667
75,3700,0.92
75,3800,0.9333333333333333
75,3900,0.9466666666666667
75,4000,0.92
75,4100,0.9066666666666666
75,4200,0.9466666666666667
75,4300,0.96
75,4400,0.96
75,4500,0.9733333333333334
75,4600,0.9866666666666667
75,4700,0.96
75,4800,0.9466666666666667
75,4900,0.9466666666666667
75,5000,0.9066666666666666
75,5100,0.96
75,5200,0.9466666666666667
75,5300,0.9466666666666667
75,5400,0.96
75,5500,0.9866666666666667
75,5600,0.9866666666666667
75,5700,0.96
75,5800,0.9866666666666667
75,5900,0.9466666666666667
75,6000,0.96
75,6100,0.96
75,6200,0.9466666666666667
75,6300,0.9466666666666667
75,6400,0.96
75,6500,0.96
75,6600,0.9466666666666667
75,6700,0.9466666666666667
75,6800,0.9733333333333334
75,6900,0.9733333333333334
75,7000,0.96
75,7100,0.9733333333333334
75,7200,0.96
75,7300,0.9333333333333333
75,7400,0.92
75,7500,0.9333333333333333
75,7600,0.9333333333333333
75,7700,0.9466666666666667
75,7800,0.9733333333333334
75,7900,0.9333333333333333
75,8000,0.9333333333333333
75,8100,0.9333333333333333
75,8200,0.9333333333333333
75,8300,0.9466666666666667
75,8400,0.9733333333333334
75,8500,0.96
75,8600,0.96
75,8700,0.9733333333333334
75,8800,0.96
75,8900,0.96
75,9000,0.9333333333333333
75,9100,0.96
75,9200,0.96
75,9300,0.9466666666666667
75,9400,0.9733333333333334
75,9500,0.96
75,9600,0.96
75,9700,0.96
75,9800,0.96
75,9900,0.96
80,100,0.0125
80,200,0.15
80,300,0.0125
80,400,0.2625
80,500,0.0
80,600,0.3125
80,700,0.25
80,800,0.0
80,900,0.5625
80,1000,0.5375
80,1100,0.5375
80,1200,0.7
80,1300,0.725
80,1400,0.7125
80,1500,0.7125
80,1600,0.7125
80,1700,0.75
80,1800,0.7875
80,1900,0.775
80,2000,0.7625
80,2100,0.775
80,2200,0.825
80,2300,0.8375
80,2400,0.825
80,2500,0.8125
80,2600,0.8375
80,2700,0.8625
80,2800,0.9
80,2900,0.85
80,3000,0.875
80,3100,0.875
80,3200,0.9
80,3300,0.875
80,3400,0.9
80,3500,0.925
80,3600,0.8875
80,3700,0.9125
80,3800,0.8875
80,3900,0.9375
80,4000,0.925
80,4100,0.9625
80,4200,0.8875
80,4300,0.9
80,4400,0.9375
80,4500,0.925
80,4600,0.9125
80,4700,0.95
80,4800,0.95
80,4900,0.9625
80,5000,0.9375
80,5100,0.9625
80,5200,0.95
80,5300,0.9375
80,5400,0.9875
80,5500,0.9375
80,5600,0.9625
80,5700,0.9625
80,5800,0.95
80,5900,0.9625
80,6000,0.9875
80,6100,0.9875
80,6200,0.9625
80,6300,0.975
80,6400,0.9625
80,6500,0.975
80,6600,0.975
80,6700,0.975
80,6800,0.975
80,6900,0.95
80,7000,0.9625
80,7100,0.975
80,7200,0.9875
80,7300,1.0
80,7400,0.9875
80,7500,0.9875
80,7600,0.9875
80,7700,0.975
80,7800,0.975
80,7900,0.975
80,8000,0.9625
80,8100,0.975
80,8200,0.975
80,8300,1.0
80,8400,0.9875
80,8500,0.9875
80,8600,1.0
80,8700,1.0
80,8800,1.0
80,8900,1.0
80,9000,1.0
80,9100,1.0
80,9200,1.0
80,9300,1.0
80,9400,1.0
80,9500,0.9875
80,9600,0.9875
80,9700,1.0
80,9800,0.9875
80,9900,0.9875
85,100,0.011764705882352941
85,200,0.16470588235294117
85,300,0.2823529411764706
85,400,0.3058823529411765
85,500,0.32941176470588235
85,600,0.2235294117647059
85,700,0.2235294117647059
85,800,0.4470588235294118
85,900,0.2235294117647059
85,1000,0.5764705882352941
85,1100,0.4117647058823529
85,1200,0.6352941176470588
85,1300,0.3176470588235294
85,1400,0.6705882352941176
85,1500,0.3411764705882353
85,1600,0.4235294117647059
85,1700,0.6941176470588235
85,1800,0.7176470588235294
85,1900,0.4235294117647059
85,2000,0.7294117647058823
85,2100,0.7647058823529411
85,2200,0.7411764705882353
85,2300,0.7529411764705882
85,2400,0.8117647058823529
85,2500,0.7529411764705882
85,2600,0.8117647058823529
85,2700,0.4588235294117647
85,2800,0.788235294117647
85,2900,0.8117647058823529
85,3000,0.8235294117647058
85,3100,0.7764705882352941
85,3200,0.8235294117647058
85,3300,0.8823529411764706
85,3400,0.8705882352941177
85,3500,0.8705882352941177
85,3600,0.8941176470588236
85,3700,0.8705882352941177
85,3800,0.8823529411764706
85,3900,0.8823529411764706
85,4000,0.8588235294117647
85,4100,0.9411764705882353
85,4200,0.9529411764705882
85,4300,0.9411764705882353
85,4400,0.9647058823529412
85,4500,0.9411764705882353
85,4600,0.9411764705882353
85,4700,0.9294117647058824
85,4800,0.9529411764705882
85,4900,0.9411764705882353
85,5000,0.9411764705882353
85,5100,0.9529411764705882
85,5200,0.9647058823529412
85,5300,0.9647058823529412
85,5400,0.9411764705882353
85,5500,0.9529411764705882
85,5600,0.9411764705882353
85,5700,0.9529411764705882
85,5800,0.9529411764705882
85,5900,0.9529411764705882
85,6000,0.9411764705882353
85,6100,0.9411764705882353
85,6200,0.9529411764705882
85,6300,0.9411764705882353
85,6400,0.9647058823529412
85,6500,0.9764705882352941
85,6600,0.9882352941176471
85,6700,0.9647058823529412
85,6800,0.9647058823529412
85,6900,0.9411764705882353
85,7000,0.9764705882352941
85,7100,0.9529411764705882
85,7200,0.9882352941176471
85,7300,0.9647058823529412
85,7400,0.9529411764705882
85,7500,0.9764705882352941
85,7600,0.9882352941176471
85,7700,0.9764705882352941
85,7800,0.9764705882352941
85,7900,0.9882352941176471
85,8000,1.0
85,8100,0.9764705882352941
85,8200,0.9764705882352941
85,8300,0.9882352941176471
85,8400,0.9882352941176471
85,8500,1.0
85,8600,0.9882352941176471
85,8700,1.0
85,8800,1.0
85,8900,0.9882352941176471
85,9000,0.9764705882352941
85,9100,0.9764705882352941
85,9200,0.9882352941176471
85,9300,0.9882352941176471
85,9400,0.9882352941176471
85,9500,0.9882352941176471
85,9600,0.9882352941176471
85,9700,0.9882352941176471
85,9800,1.0
85,9900,1.0
90,100,0.011111111111111112
90,200,0.2222222222222222
90,300,0.24444444444444444
90,400,0.2111111111111111
90,500,0.0
90,600,0.2222222222222222
90,700,0.28888888888888886
90,800,0.5666666666666667
90,900,0.6444444444444445
90,1000,0.24444444444444444
90,1100,0.6888888888888889
90,1200,0.7222222222222222
90,1300,0.6888888888888889
90,1400,0.2777777777777778
90,1500,0.7555555555555555
90,1600,0.7333333333333333
90,1700,0.7777777777777778
90,1800,0.3
90,1900,0.7555555555555555
90,2000,0.6555555555555556
90,2100,0.4
90,2200,0.8333333333333334
90,2300,0.8
90,2400,0.8333333333333334
90,2500,0.8222222222222222
90,2600,0.8333333333333334
90,2700,0.8222222222222222
90,2800,0.8555555555555555
90,2900,0.8222222222222222
90,3000,0.8777777777777778
90,3100,0.8444444444444444
90,3200,0.8333333333333334
90,3300,0.8444444444444444
90,3400,0.8777777777777778
90,3500,0.8555555555555555
90,3600,0.8666666666666667
90,3700,0.8555555555555555
90,3800,0.8888888888888888
90,3900,0.8444444444444444
90,4000,0.8444444444444444
90,4100,0.8888888888888888
90,4200,0.8222222222222222
90,4300,0.8555555555555555
90,4400,0.8222222222222222
90,4500,0.8444444444444444
90,4600,0.9
90,4700,0.9
90,4800,0.9
90,4900,0.9444444444444444
90,5000,0.9
90,5100,0.9111111111111111
90,5200,0.9333333333333333
90,5300,0.9222222222222223
90,5400,0.9222222222222223
90,5500,0.9222222222222223
90,5600,0.9333333333333333
90,5700,0.9
90,5800,0.9444444444444444
90,5900,0.9444444444444444
90,6000,0.9222222222222223
90,6100,0.9333333333333333
90,6200,0.9222222222222223
90,6300,0.9222222222222223
90,6400,0.9222222222222223
90,6500,0.9333333333333333
90,6600,0.9444444444444444
90,6700,0.9333333333333333
90,6800,0.9666666666666667
90,6900,0.9555555555555556
90,7000,0.9777777777777777
90,7100,0.9555555555555556
90,7200,0.9666666666666667
90,7300,0.9555555555555556
90,7400,0.9555555555555556
90,7500,0.9666666666666667
90,7600,0.9555555555555556
90,7700,0.9666666666666667
90,7800,0.9777777777777777
90,7900,0.9666666666666667
90,8000,0.9888888888888889
90,8100,0.9555555555555556
90,8200,0.9666666666666667
90,8300,0.9666666666666667
90,8400,0.9777777777777777
90,8500,0.9888888888888889
90,8600,0.9777777777777777
90,8700,0.9888888888888889
90,8800,0.9777777777777777
90,8900,0.9888888888888889
90,9000,0.9888888888888889
90,9100,0.9777777777777777
90,9200,0.9888888888888889
90,9300,0.9777777777777777
90,9400,0.9777777777777777
90,9500,0.9666666666666667
90,9600,0.9888888888888889
90,9700,0.9888888888888889
90,9800,0.9888888888888889
90,9900,1.0
95,100,0.021052631578947368
95,200,0.021052631578947368
95,300,0.28421052631578947
95,400,0.35789473684210527
95,500,0.3894736842105263
95,600,0.2631578947368421
95,700,0.3684210526315789
95,800,0.3157894736842105
95,900,0.35789473684210527
95,1000,0.3263157894736842
95,1100,0.4105263157894737
95,1200,0.3894736842105263
95,1300,0.4421052631578947
95,1400,0.6105263157894737
95,1500,0.28421052631578947
95,1600,0.3263157894736842
95,1700,0.6736842105263158
95,1800,0.631578947368421
95,1900,0.6842105263157895
95,2000,0.3368421052631579
95,2100,0.3473684210526316
95,2200,0.3473684210526316
95,2300,0.4105263157894737
95,2400,0.7368421052631579
95,2500,0.7368421052631579
95,2600,0.4
95,2700,0.7578947368421053
95,2800,0.3157894736842105
95,2900,0.8105263157894737
95,3000,0.7894736842105263
95,3100,0.47368421052631576
95,3200,0.8105263157894737
95,3300,0.3684210526315789
95,3400,0.7473684210526316
95,3500,0.43157894736842106
95,3600,0.8526315789473684
95,3700,0.8947368421052632
95,3800,0.8526315789473684
95,3900,0.8315789473684211
95,4000,0.8736842105263158
95,4100,0.8421052631578947
95,4200,0.5578947368421052
95,4300,0.8421052631578947
95,4400,0.8421052631578947
95,4500,0.8947368421052632
95,4600,0.8842105263157894
95,4700,0.8842105263157894
95,4800,0.8736842105263158
95,4900,0.8947368421052632
95,5000,0.8842105263157894
95,5100,0.8736842105263158
95,5200,0.8947368421052632
95,5300,0.8947368421052632
95,5400,0.9052631578947369
95,5500,0.9052631578947369
95,5600,0.9052631578947369
95,5700,0.9473684210526315
95,5800,0.9052631578947369
95,5900,0.9263157894736842
95,6000,0.9578947368421052
95,6100,0.9368421052631579
95,6200,0.9578947368421052
95,6300,0.9368421052631579
95,6400,0.9263157894736842
95,6500,0.9368421052631579
95,6600,0.8947368421052632
95,6700,0.9052631578947369
95,6800,0.9157894736842105
95,6900,0.9368421052631579
95,7000,0.9263157894736842
95,7100,0.9368421052631579
95,7200,0.9052631578947369
95,7300,0.9368421052631579
95,7400,0.9368421052631579
95,7500,0.9368421052631579
95,7600,0.9157894736842105
95,7700,0.9368421052631579
95,7800,0.9368421052631579
95,7900,0.9578947368421052
95,8000,0.9473684210526315
95,8100,0.9368421052631579
95,8200,0.9578947368421052
95,8300,0.9368421052631579
95,8400,0.9263157894736842
95,8500,0.9473684210526315
95,8600,0.9578947368421052
95,8700,0.9473684210526315
95,8800,0.968421052631579
95,8900,0.968421052631579
95,9000,0.9578947368421052
95,9100,0.9578947368421052
95,9200,0.9473684210526315
95,9300,0.9578947368421052
95,9400,0.968421052631579
95,9500,0.968421052631579
95,9600,0.968421052631579
95,9700,0.968421052631579
95,9800,0.9789473684210527
95,9900,0.968421052631579
100,100,0.0
100,200,0.0
100,300,0.38
100,400,0.23
100,500,0.24
100,600,0.0
100,700,0.25
100,800,0.01
100,900,0.38
100,1000,0.34
100,1100,0.31
100,1200,0.37
100,1300,0.63
100,1400,0.36
100,1500,0.39
100,1600,0.64
100,1700,0.69
100,1800,0.43
100,1900,0.64
100,2000,0.7
100,2100,0.69
100,2200,0.66
100,2300,0.78
100,2400,0.77
100,2500,0.77
100,2600,0.82
100,2700,0.83
100,2800,0.83
100,2900,0.85
100,3000,0.82
100,3100,0.82
100,3200,0.89
100,3300,0.85
100,3400,0.82
100,3500,0.83
100,3600,0.83
100,3700,0.81
100,3800,0.78
100,3900,0.76
100,4000,0.76
100,4100,0.82
100,4200,0.86
100,4300,0.85
100,4400,0.85
100,4500,0.85
100,4600,0.88
100,4700,0.86
100,4800,0.87
100,4900,0.87
100,5000,0.87
100,5100,0.9
100,5200,0.86
100,5300,0.86
100,5400,0.92
100,5500,0.93
100,5600,0.94
100,5700,0.91
100,5800,0.93
100,5900,0.92
100,6000,0.92
100,6100,0.92
100,6200,0.97
100,6300,0.95
100,6400,0.94
100,6500,0.92
100,6600,0.89
100,6700,0.93
100,6800,0.92
100,6900,0.92
100,7000,0.89
100,7100,0.91
100,7200,0.94
100,7300,0.92
100,7400,0.97
100,7500,0.93
100,7600,0.95
100,7700,0.94
100,7800,0.98
100,7900,0.96
100,8000,0.99
100,8100,0.96
100,8200,0.95
100,8300,0.95
100,8400,0.96
100,8500,0.96
100,8600,0.97
100,8700,0.97
100,8800,0.95
100,8900,0.98
100,9000,0.97
100,9100,0.95
100,9200,0.99
100,9300,0.98
100,9400,0.98
100,9500,0.97
100,9600,0.98
100,9700,0.98
100,9800,0.98
100,9900,0.97
105,100,0.01904761904761905
105,200,0.2761904761904762
105,300,0.3523809523809524
105,400,0.29523809523809524
105,500,0.3333333333333333
105,600,0.21904761904761905
105,700,0.3619047619047619
105,800,0.37142857142857144
105,900,0.21904761904761905
105,1000,0.2761904761904762
105,1100,0.2571428571428571
105,1200,0.4857142857142857
105,1300,0.37142857142857144
105,1400,0.37142857142857144
105,1500,0.3142857142857143
105,1600,0.6190476190476191
105,1700,0.24761904761904763
105,1800,0.34285714285714286
105,1900,0.6761904761904762
105,2000,0.6571428571428571
105,2100,0.7047619047619048
105,2200,0.7142857142857143
105,2300,0.7333333333333333
105,2400,0.3619047619047619
105,2500,0.7523809523809524
105,2600,0.7428571428571429
105,2700,0.4857142857142857
105,2800,0.47619047619047616
105,2900,0.7904761904761904
105,3000,0.8285714285714286
105,3100,0.7714285714285715
105,3200,0.780952380952381
105,3300,0.7333333333333333
105,3400,0.7619047619047619
105,3500,0.8095238095238095
105,3600,0.7619047619047619
105,3700,0.7523809523809524
105,3800,0.8571428571428571
105,3900,0.5047619047619047
105,4000,0.7904761904761904
105,4100,0.8
105,4200,0.8666666666666667
105,4300,0.8571428571428571
105,4400,0.5333333333333333
105,4500,0.8857142857142857
105,4600,0.8476190476190476
105,4700,0.8761904761904762
105,4800,0.8476190476190476
105,4900,0.8571428571428571
105,5000,0.8857142857142857
105,5100,0.8666666666666667
105,5200,0.8857142857142857
105,5300,0.8952380952380953
105,5400,0.8666666666666667
105,5500,0.8952380952380953
105,5600,0.9142857142857143
105,5700,0.8666666666666667
105,5800,0.8952380952380953
105,5900,0.8761904761904762
105,6000,0.8857142857142857
105,6100,0.8666666666666667
105,6200,0.8571428571428571
105,6300,0.8380952380952381
105,6400,0.8571428571428571
105,6500,0.8952380952380953
105,6600,0.8761904761904762
105,6700,0.9047619047619048
105,6800,0.9333333333333333
105,6900,0.9142857142857143
105,7000,0.9333333333333333
105,7100,0.9333333333333333
105,7200,0.9238095238095239
105,7300,0.9142857142857143
105,7400,0.9333333333333333
105,7500,0.9428571428571428
105,7600,0.9333333333333333
105,7700,0.9142857142857143
105,7800,0.8952380952380953
105,7900,0.9333333333333333
105,8000,0.9619047619047619
105,8100,0.9333333333333333
105,8200,0.9428571428571428
105,8300,0.9333333333333333
105,8400,0.9333333333333333
105,8500,0.9333333333333333
105,8600,0.9619047619047619
105,8700,0.9333333333333333
105,8800,0.9142857142857143
105,8900,0.9238095238095239
105,9000,0.9333333333333333
105,9100,0.9238095238095239
105,9200,0.9047619047619048
105,9300,0.9238095238095239
105,9400,0.9333333333333333
105,9500,0.9238095238095239
105,9600,0.9238095238095239
105,9700,0.9142857142857143
105,9800,0.9047619047619048
105,9900,0.9142857142857143
110,100,0.22727272727272727
110,200,0.0
110,300,0.35454545454545455
110,400,0.33636363636363636
110,500,0.4
110,600,0.44545454545454544
110,700,0.0
110,800,0.2636363636363636
110,900,0.32727272727272727
110,1000,0.2545454545454545
110,1100,0.6090909090909091
110,1200,0.34545454545454546
110,1300,0.5909090909090909
110,1400,0.24545454545454545
110,1500,0.6545454545454545
110,1600,0.6727272727272727
110,1700,0.6818181818181818
110,1800,0.32727272727272727
110,1900,0.3181818181818182
110,2000,0.7181818181818181
110,2100,0.2909090909090909
110,2200,0.7181818181818181
110,2300,0.7545454545454545
110,2400,0.32727272727272727
110,2500,0.7
110,2600,0.7454545454545455
110,2700,0.7727272727272727
110,2800,0.7272727272727273
110,2900,0.7727272727272727
110,3000,0.7909090909090909
110,3100,0.7272727272727273
110,3200,0.7636363636363637
110,3300,0.37272727272727274
110,3400,0.509090909090909
110,3500,0.7454545454545455
110,3600,0.7454545454545455
110,3700,0.7727272727272727
110,3800,0.8181818181818182
110,3900,0.8
110,4000,0.7818181818181819
110,4100,0.8363636363636363
110,4200,0.8545454545454545
110,4300,0.8818181818181818
110,4400,0.5
110,4500,0.8545454545454545
110,4600,0.8727272727272727
110,4700,0.8454545454545455
110,4800,0.8818181818181818
110,4900,0.8818181818181818
110,5000,0.8454545454545455
110,5100,0.8545454545454545
110,5200,0.8909090909090909
110,5300,0.9
110,5400,0.8818181818181818
110,5500,0.8909090909090909
110,5600,0.8909090909090909
110,5700,0.9090909090909091
110,5800,0.9272727272727272
110,5900,0.9454545454545454
110,6000,0.9454545454545454
110,6100,0.6
110,6200,0.9545454545454546
110,6300,0.9454545454545454
110,6400,0.9545454545454546
110,6500,0.9545454545454546
110,6600,0.9545454545454546
110,6700,0.9363636363636364
110,6800,0.9
110,6900,0.9363636363636364
110,7000,0.9727272727272728
110,7100,0.9272727272727272
110,7200,0.9363636363636364
110,7300,0.9636363636363636
110,7400,0.9545454545454546
110,7500,0.9636363636363636
110,7600,0.9636363636363636
110,7700,0.9727272727272728
110,7800,0.9727272727272728
110,7900,0.9454545454545454
110,8000,0.9727272727272728
110,8100,0.9636363636363636
110,8200,0.9818181818181818
110,8300,0.9727272727272728
110,8400,0.9727272727272728
110,8500,0.9818181818181818
110,8600,0.9454545454545454
110,8700,0.9636363636363636
110,8800,0.9636363636363636
110,8900,0.9818181818181818
110,9000,0.9545454545454546
110,9100,0.9636363636363636
110,9200,0.9545454545454546
110,9300,0.990909090909091
110,9400,0.9636363636363636
110,9500,0.9363636363636364
110,9600,0.9454545454545454
110,9700,0.9636363636363636
110,9800,0.9636363636363636
110,9900,0.9636363636363636
115,100,0.02608695652173913
115,200,0.02608695652173913
115,300,0.043478260869565216
115,400,0.4
115,500,0.3217391304347826
115,600,0.28695652173913044
115,700,0.3217391304347826
115,800,0.0
115,900,0.4
115,1000,0.2782608695652174
115,1100,0.391304347826087
115,1200,0.3391304347826087
115,1300,0.6173913043478261
115,1400,0.3826086956521739
115,1500,0.4608695652173913
115,1600,0.4608695652173913
115,1700,0.3130434782608696
115,1800,0.5130434782608696
115,1900,0.5217391304347826
115,2000,0.5043478260869565
115,2100,0.6347826086956522
115,2200,0.6695652173913044
115,2300,0.6869565217391305
115,2400,0.48695652173913045
115,2500,0.6869565217391305
115,2600,0.6608695652173913
115,2700,0.3826086956521739
115,2800,0.8
115,2900,0.7913043478260869
115,3000,0.7043478260869566
115,3100,0.7391304347826086
115,3200,0.5565217391304348
115,3300,0.782608695652174
115,3400,0.782608695652174
115,3500,0.43478260869565216
115,3600,0.808695652173913
115,3700,0.8
115,3800,0.8173913043478261
115,3900,0.4608695652173913
115,4000,0.8347826086956521
115,4100,0.8347826086956521
115,4200,0.8608695652173913
115,4300,0.808695652173913
115,4400,0.8608695652173913
115,4500,0.8956521739130435
115,4600,0.8695652173913043
115,4700,0.9043478260869565
115,4800,0.8956521739130435
115,4900,0.7043478260869566
115,5000,0.591304347826087
115,5100,0.7130434782608696
115,5200,0.6782608695652174
115,5300,0.8782608695652174
115,5400,0.8869565217391304
115,5500,0.5391304347826087
115,5600,0.5391304347826087
115,5700,0.8956521739130435
115,5800,0.9043478260869565
115,5900,0.9043478260869565
115,6000,0.8782608695652174
115,6100,0.9217391304347826
115,6200,0.9217391304347826
115,6300,0.8869565217391304
115,6400,0.9217391304347826
115,6500,0.8956521739130435
115,6600,0.9217391304347826
115,6700,0.9130434782608695
115,6800,0.9043478260869565
115,6900,0.9130434782608695
115,7000,0.6956521739130435
115,7100,0.9217391304347826
115,7200,0.9043478260869565
115,7300,0.9130434782608695
115,7400,0.9130434782608695
115,7500,0.9043478260869565
115,7600,0.9043478260869565
115,7700,0.9217391304347826
115,7800,0.9217391304347826
115,7900,0.9217391304347826
115,8000,0.9130434782608695
115,8100,0.6608695652173913
115,8200,0.9130434782608695
115,8300,0.9217391304347826
115,8400,0.9478260869565217
115,8500,0.9478260869565217
115,8600,0.9652173913043478
115,8700,0.9478260869565217
115,8800,0.9565217391304348
115,8900,0.9391304347826087
115,9000,0.9391304347826087
115,9100,0.9565217391304348
115,9200,0.9478260869565217
115,9300,0.9391304347826087
115,9400,0.9304347826086956
115,9500,0.9478260869565217
115,9600,0.9565217391304348
115,9700,0.9478260869565217
115,9800,0.9652173913043478
115,9900,0.9739130434782609
120,100,0.0
120,200,0.0
120,300,0.275
120,400,0.23333333333333334
120,500,0.35
120,600,0.49166666666666664
120,700,0.23333333333333334
120,800,0.2916666666666667
120,900,0.5166666666666667
120,1000,0.5166666666666667
120,1100,0.5083333333333333
120,1200,0.575
120,1300,0.6
120,1400,0.575
120,1500,0.5333333333333333
120,1600,0.575
120,1700,0.65
120,1800,0.5416666666666666
120,1900,0.675
120,2000,0.6833333333333333
120,2100,0.65
120,2200,0.6416666666666667
120,2300,0.6916666666666667
120,2400,0.7083333333333334
120,2500,0.7666666666666667
120,2600,0.7916666666666666
120,2700,0.7333333333333333
120,2800,0.7166666666666667
120,2900,0.75
120,3000,0.75
120,3100,0.775
120,3200,0.7416666666666667
120,3300,0.7666666666666667
120,3400,0.7666666666666667
120,3500,0.8
120,3600,0.825
120,3700,0.8083333333333333
120,3800,0.7833333333333333
120,3900,0.775
120,4000,0.8416666666666667
120,4100,0.825
120,4200,0.775
120,4300,0.7916666666666666
120,4400,0.7916666666666666
120,4500,0.825
120,4600,0.8166666666666667
120,4700,0.8416666666666667
120,4800,0.825
120,4900,0.8083333333333333
120,5000,0.75
120,5100,0.8
120,5200,0.8166666666666667
120,5300,0.825
120,5400,0.8166666666666667
120,5500,0.8583333333333333
120,5600,0.8083333333333333
120,5700,0.8833333333333333
120,5800,0.8916666666666667
120,5900,0.8916666666666667
120,6000,0.9
120,6100,0.8833333333333333
120,6200,0.8833333333333333
120,6300,0.9166666666666666
120,6400,0.9083333333333333
120,6500,0.8833333333333333
120,6600,0.9
120,6700,0.8916666666666667
120,6800,0.8666666666666667
120,6900,0.9416666666666667
120,7000,0.9083333333333333
120,7100,0.9416666666666667
120,7200,0.875
120,7300,0.9083333333333333
120,7400,0.9083333333333333
120,7500,0.9333333333333333
120,7600,0.9
120,7700,0.9416666666666667
120,7800,0.925
120,7900,0.9333333333333333
120,8000,0.9416666666666667
120,8100,0.9333333333333333
120,8200,0.925
120,8300,0.9583333333333334
120,8400,0.95
120,8500,0.9583333333333334
120,8600,0.9583333333333334
120,8700,0.9416666666666667
120,8800,0.9416666666666667
120,8900,0.9583333333333334
120,9000,0.95
120,9100,0.9416666666666667
120,9200,0.9416666666666667
120,9300,0.95
120,9400,0.9333333333333333
120,9500,0.9583333333333334
120,9600,0.9583333333333334
120,9700,0.95
120,9800,0.9666666666666667
120,9900,0.9583333333333334
125,100,0.0
125,200,0.0
125,300,0.0
125,400,0.36
125,500,0.4
125,600,0.36
125,700,0.256
125,800,0.296
125,900,0.224
125,1000,0.288
125,1100,0.264
125,1200,0.248
125,1300,0.4
125,1400,0.328
125,1500,0.296
125,1600,0.4
125,1700,0.68
125,1800,0.352
125,1900,0.504
125,2000,0.36
125,2100,0.416
125,2200,0.408
125,2300,0.416
125,2400,0.432
125,2500,0.328
125,2600,0.44
125,2700,0.448
125,2800,0.432
125,2900,0.44
125,3000,0.464
125,3100,0.488
125,3200,0.504
125,3300,0.48
125,3400,0.496
125,3500,0.344
125,3600,0.416
125,3700,0.736
125,3800,0.52
125,3900,0.0
125,4000,0.792
125,4100,0.776
125,4200,0.792
125,4300,0.568
125,4400,0.816
125,4500,0.776
125,4600,0.488
125,4700,0.44
125,4800,0.792
125,4900,0.856
125,5000,0.856
125,5100,0.632
125,5200,0.832
125,5300,0.88
125,5400,0.856
125,5500,0.856
125,5600,0.896
125,5700,0.888
125,5800,0.928
125,5900,0.888
125,6000,0.896
125,6100,0.632
125,6200,0.912
125,6300,0.904
125,6400,0.464
125,6500,0.896
125,6600,0.904
125,6700,0.616
125,6800,0.912
125,6900,0.68
125,7000,0.912
125,7100,0.928
125,7200,0.456
125,7300,0.888
125,7400,0.904
125,7500,0.544
125,7600,0.64
125,7700,0.928
125,7800,0.904
125,7900,0.896
125,8000,0.912
125,8100,0.936
125,8200,0.928
125,8300,0.944
125,8400,0.928
125,8500,0.928
125,8600,0.96
125,8700,0.912
125,8800,0.936
125,8900,0.928
125,9000,0.944
125,9100,0.584
125,9200,0.928
125,9300,0.952
125,9400,0.96
125,9500,0.936
125,9600,0.936
125,9700,0.952
125,9800,0.928
125,9900,0.952
130,100,0.023076923076923078
130,200,0.0
130,300,0.27692307692307694
130,400,0.0
130,500,0.33076923076923076
130,600,0.23076923076923078
130,700,0.27692307692307694
130,800,0.0
130,900,0.3923076923076923
130,1000,0.4307692307692308
130,1100,0.4153846153846154
130,1200,0.0
130,1300,0.34615384615384615
130,1400,0.3153846153846154
130,1500,0.38461538461538464
130,1600,0.38461538461538464
130,1700,0.6538461538461539
130,1800,0.4
130,1900,0.0
130,2000,0.4461538461538462
130,2100,0.6307692307692307
130,2200,0.26153846153846155
130,2300,0.2923076923076923
130,2400,0.3153846153846154
130,2500,0.4307692307692308
130,2600,0.4307692307692308
130,2700,0.45384615384615384
130,2800,0.3769230769230769
130,2900,0.7923076923076923
130,3000,0.4461538461538462
130,3100,0.36923076923076925
130,3200,0.49230769230769234
130,3300,0.4230769230769231
130,3400,0.4461538461538462
130,3500,0.0
130,3600,0.4153846153846154
130,3700,0.8384615384615385
130,3800,0.3769230769230769
130,3900,0.6461538461538462
130,4000,0.8
130,4100,0.8153846153846154
130,4200,0.4461538461538462
130,4300,0.7846153846153846
130,4400,0.4846153846153846
130,4500,0.46923076923076923
130,4600,0.5307692307692308
130,4700,0.5461538461538461
130,4800,0.5
130,4900,0.8384615384615385
130,5000,0.5153846153846153
130,5100,0.8615384615384616
130,5200,0.6
130,5300,0.5307692307692308
130,5400,0.8384615384615385
130,5500,0.8692307692307693
130,5600,0.8769230769230769
130,5700,0.8692307692307693
130,5800,0.8846153846153846
130,5900,0.5
130,6000,0.8538461538461538
130,6100,0.0
130,6200,0.45384615384615384
130,6300,0.9076923076923077
130,6400,0.8923076923076924
130,6500,0.5153846153846153
130,6600,0.5
130,6700,0.9
130,6800,0.6230769230769231
130,6900,0.6307692307692307
130,7000,0.9384615384615385
130,7100,0.9230769230769231
130,7200,0.5384615384615384
130,7300,0.47692307692307695
130,7400,0.8846153846153846
130,7500,0.9076923076923077
130,7600,0.8615384615384616
130,7700,0.8923076923076924
130,7800,0.9076923076923077
130,7900,0.6076923076923076
130,8000,0.9076923076923077
130,8100,0.9153846153846154
130,8200,0.9307692307692308
130,8300,0.9076923076923077
130,8400,0.9230769230769231
130,8500,0.9307692307692308
130,8600,0.9384615384615385
130,8700,0.9461538461538461
130,8800,0.9538461538461539
130,8900,0.9307692307692308
130,9000,0.9307692307692308
130,9100,0.9230769230769231
130,9200,0.9153846153846154
130,9300,0.9230769230769231
130,9400,0.7230769230769231
130,9500,0.9307692307692308
130,9600,0.9461538461538461
130,9700,0.9230769230769231
130,9800,0.9230769230769231
130,9900,0.9461538461538461
135,100,0.0
135,200,0.2518518518518518
135,300,0.0
135,400,0.25925925925925924
135,500,0.2814814814814815
135,600,0.007407407407407408
135,700,0.3333333333333333
135,800,0.2740740740740741
135,900,0.0
135,1000,0.32592592592592595
135,1100,0.32592592592592595
135,1200,0.4222222222222222
135,1300,0.21481481481481482
135,1400,0.5185185185185185
135,1500,0.4222222222222222
135,1600,0.35555555555555557
135,1700,0.4444444444444444
135,1800,0.6370370370370371
135,1900,0.362962962962963
135,2000,0.3925925925925926
135,2100,0.2740740740740741
135,2200,0.6814814814814815
135,2300,0.4074074074074074
135,2400,0.4222222222222222
135,2500,0.42962962962962964
135,2600,0.6666666666666666
135,2700,0.31851851851851853
135,2800,0.45185185185185184
135,2900,0.362962962962963
135,3000,0.4
135,3100,0.42962962962962964
135,3200,0.4962962962962963
135,3300,0.3111111111111111
135,3400,0.4888888888888889
135,3500,0.7777777777777778
135,3600,0.5481481481481482
135,3700,0.5481481481481482
135,3800,0.4888888888888889
135,3900,0.3333333333333333
135,4000,0.8
135,4100,0.4074074074074074
135,4200,0.5481481481481482
135,4300,0.5481481481481482
135,4400,0.43703703703703706
135,4500,0.8
135,4600,0.8222222222222222
135,4700,0.8518518518518519
135,4800,0.5481481481481482
135,4900,0.5555555555555556
135,5000,0.5259259259259259
135,5100,0.43703703703703706
135,5200,0.6296296296296297
135,5300,0.43703703703703706
135,5400,0.6518518518518519
135,5500,0.5555555555555556
135,5600,0.6666666666666666
135,5700,0.7111111111111111
135,5800,0.4962962962962963
135,5900,0.4666666666666667
135,6000,0.45185185185185184
135,6100,0.4666666666666667
135,6200,0.674074074074074
135,6300,0.6814814814814815
135,6400,0.4962962962962963
135,6500,0.9037037037037037
135,6600,0.9185185185185185
135,6700,0.4888888888888889
135,6800,0.8888888888888888
135,6900,0.4888888888888889
135,7000,0.8814814814814815
135,7100,0.5037037037037037
135,7200,0.8888888888888888
135,7300,0.8962962962962963
135,7400,0.5481481481481482
135,7500,0.562962962962963
135,7600,0.5037037037037037
135,7700,0.48148148148148145
135,7800,0.5333333333333333
135,7900,0.9185185185185185
135,8000,0.5111111111111111
135,8100,0.5703703703703704
135,8200,0.9333333333333333
135,8300,0.9481481481481482
135,8400,0.5481481481481482
135,8500,0.9407407407407408
135,8600,0.562962962962963
135,8700,0.9481481481481482
135,8800,0.562962962962963
135,8900,0.5555555555555556
135,9000,0.5851851851851851
135,9100,0.6296296296296297
135,9200,0.6296296296296297
135,9300,0.9407407407407408
135,9400,0.6148148148148148
135,9500,0.6148148148148148
135,9600,0.6296296296296297
135,9700,0.6370370370370371
135,9800,0.9555555555555556
135,9900,0.6074074074074074
140,100,0.0
140,200,0.0
140,300,0.0
140,400,0.0
140,500,0.007142857142857143
140,600,0.40714285714285714
140,700,0.2642857142857143
140,800,0.37142857142857144
140,900,0.30714285714285716
140,1000,0.35
140,1100,0.37857142857142856
140,1200,0.3357142857142857
140,1300,0.37142857142857144
140,1400,0.34285714285714286
140,1500,0.35
140,1600,0.37857142857142856
140,1700,0.37142857142857144
140,1800,0.2857142857142857
140,1900,0.4714285714285714
140,2000,0.5428571428571428
140,2100,0.6642857142857143
140,2200,0.0
140,2300,0.45
140,2400,0.6857142857142857
140,2500,0.7
140,2600,0.44285714285714284
140,2700,0.7642857142857142
140,2800,0.7428571428571429
140,2900,0.7642857142857142
140,3000,0.7857142857142857
140,3100,0.7357142857142858
140,3200,0.7642857142857142
140,3300,0.7714285714285715
140,3400,0.7642857142857142
140,3500,0.34285714285714286
140,3600,0.36428571428571427
140,3700,0.3
140,3800,0.7928571428571428
140,3900,0.36428571428571427
140,4000,0.37142857142857144
140,4100,0.5285714285714286
140,4200,0.8857142857142857
140,4300,0.4785714285714286
140,4400,0.8571428571428571
140,4500,0.8857142857142857
140,4600,0.42857142857142855
140,4700,0.45714285714285713
140,4800,0.5857142857142857
140,4900,0.85
140,5000,0.5428571428571428
140,5100,0.55
140,5200,0.8357142857142857
140,5300,0.8928571428571429
140,5400,0.8785714285714286
140,5500,0.8928571428571429
140,5600,0.9071428571428571
140,5700,0.8714285714285714
140,5800,0.8642857142857143
140,5900,0.8642857142857143
140,6000,0.8785714285714286
140,6100,0.38571428571428573
140,6200,0.5285714285714286
140,6300,0.8714285714285714
140,6400,0.8714285714285714
140,6500,0.9071428571428571
140,6600,0.8714285714285714
140,6700,0.8928571428571429
140,6800,0.8714285714285714
140,6900,0.8642857142857143
140,7000,0.8857142857142857
140,7100,0.8642857142857143
140,7200,0.8785714285714286
140,7300,0.7
140,7400,0.9
140,7500,0.9
140,7600,0.8785714285714286
140,7700,0.8857142857142857
140,7800,0.9071428571428571
140,7900,0.9214285714285714
140,8000,0.9
140,8100,0.5714285714285714
140,8200,0.9071428571428571
140,8300,0.9357142857142857
140,8400,0.5071428571428571
140,8500,0.9142857142857143
140,8600,0.9214285714285714
140,8700,0.9214285714285714
140,8800,0.9285714285714286
140,8900,0.4857142857142857
140,9000,0.9357142857142857
140,9100,0.55
140,9200,0.9428571428571428
140,9300,0.5642857142857143
140,9400,0.9357142857142857
140,9500,0.7071428571428572
140,9600,0.95
140,9700,0.9571428571428572
140,9800,0.55
140,9900,0.9571428571428572
145,100,0.0
145,200,0.2413793103448276
145,300,0.0
145,400,0.2827586206896552
145,500,0.23448275862068965
145,600,0.2689655172413793
145,700,0.4413793103448276
145,800,0.2896551724137931
145,900,0.25517241379310346
145,1000,0.25517241379310346
145,1100,0.2827586206896552
145,1200,0.2413793103448276
145,1300,0.27586206896551724
145,1400,0.30344827586206896
145,1500,0.3103448275862069
145,1600,0.32413793103448274
145,1700,0.296551724137931
145,1800,0.3103448275862069
145,1900,0.3586206896551724
145,2000,0.4482758620689655
145,2100,0.35172413793103446
145,2200,0.3310344827586207
145,2300,0.4206896551724138
145,2400,0.3931034482758621
145,2500,0.5448275862068965
145,2600,0.3724137931034483
145,2700,0.32413793103448274
145,2800,0.496551724137931
145,2900,0.4413793103448276
145,3000,0.45517241379310347
145,3100,0.4482758620689655
145,3200,0.45517241379310347
145,3300,0.42758620689655175
145,3400,0.43448275862068964
145,3500,0.4413793103448276
145,3600,0.46206896551724136
145,3700,0.6137931034482759
145,3800,0.7241379310344828
145,3900,0.4
145,4000,0.696551724137931
145,4100,0.43448275862068964
145,4200,0.45517241379310347
145,4300,0.7931034482758621
145,4400,0.4689655172413793
145,4500,0.6
145,4600,0.496551724137931
145,4700,0.46206896551724136
145,4800,0.5241379310344828
145,4900,0.43448275862068964
145,5000,0.8275862068965517
145,5100,0.496551724137931
145,5200,0.6758620689655173
145,5300,0.5103448275862069
145,5400,0.5310344827586206
145,5500,0.8413793103448276
145,5600,0.5655172413793104
145,5700,0.5586206896551724
145,5800,0.8482758620689655
145,5900,0.5103448275862069
145,6000,0.4827586206896552
145,6100,0.5517241379310345
145,6200,0.8
145,6300,0.5724137931034483
145,6400,0.8620689655172413
145,6500,0.47586206896551725
145,6600,0.5448275862068965
145,6700,0.5586206896551724
145,6800,0.6068965517241379
145,6900,0.8827586206896552
145,7000,0.5655172413793104
145,7100,0.5655172413793104
145,7200,0.5655172413793104
145,7300,0.896551724137931
145,7400,0.5241379310344828
145,7500,0.5862068965517241
145,7600,0.6137931034482759
145,7700,0.5724137931034483
145,7800,0.6
145,7900,0.9241379310344827
145,8000,0.6137931034482759
145,8100,0.6
145,8200,0.8827586206896552
145,8300,0.6137931034482759
145,8400,0.9172413793103448
145,8500,0.6206896551724138
145,8600,0.5793103448275863
145,8700,0.9448275862068966
145,8800,0.6344827586206897
145,8900,0.9448275862068966
145,9000,0.6344827586206897
145,9100,0.6206896551724138
145,9200,0.5862068965517241
145,9300,0.6758620689655173
145,9400,0.9379310344827586
145,9500,0.5793103448275863
145,9600,0.6620689655172414
145,9700,0.5103448275862069
145,9800,0.9586206896551724
145,9900,0.7517241379310344
150,100,0.06
150,200,0.3
150,300,0.25333333333333335
150,400,0.21333333333333335
150,500,0.25333333333333335
150,600,0.4
150,700,0.28
150,800,0.30666666666666664
150,900,0.2866666666666667
150,1000,0.2866666666666667
150,1100,0.32
150,1200,0.25333333333333335
150,1300,0.23333333333333334
150,1400,0.4666666666666667
150,1500,0.32666666666666666
150,1600,0.0
150,1700,0.29333333333333333
150,1800,0.32666666666666666
150,1900,0.32
150,2000,0.3933333333333333
150,2100,0.6
150,2200,0.43333333333333335
150,2300,0.62
150,2400,0.6466666666666666
150,2500,0.6066666666666667
150,2600,0.32666666666666666
150,2700,0.41333333333333333
150,2800,0.6266666666666667
150,2900,0.3466666666666667
150,3000,0.32
150,3100,0.44666666666666666
150,3200,0.3333333333333333
150,3300,0.3466666666666667
150,3400,0.36
150,3500,0.48
150,3600,0.34
150,3700,0.7533333333333333
150,3800,0.37333333333333335
150,3900,0.3466666666666667
150,4000,0.8
150,4100,0.38
150,4200,0.43333333333333335
150,4300,0.44666666666666666
150,4400,0.82
150,4500,0.5733333333333334
150,4600,0.8466666666666667
150,4700,0.8266666666666667
150,4800,0.8266666666666667
150,4900,0.86
150,5000,0.8733333333333333
150,5100,0.86
150,5200,0.66
150,5300,0.52
150,5400,0.5066666666666667
150,5500,0.46
150,5600,0.5933333333333334
150,5700,0.0
150,5800,0.8333333333333334
150,5900,0.6133333333333333
150,6000,0.46
150,6100,0.6266666666666667
150,6200,0.8133333333333334
150,6300,0.8066666666666666
150,6400,0.8066666666666666
150,6500,0.6133333333333333
150,6600,0.7933333333333333
150,6700,0.8133333333333334
150,6800,0.5133333333333333
150,6900,0.8733333333333333
150,7000,0.5
150,7100,0.54
150,7200,0.8466666666666667
150,7300,0.86
150,7400,0.8266666666666667
150,7500,0.86
150,7600,0.86
150,7700,0.8933333333333333
150,7800,0.8733333333333333
150,7900,0.8266666666666667
150,8000,0.8666666666666667
150,8100,0.0
150,8200,0.62
150,8300,0.88
150,8400,0.5866666666666667
150,8500,0.72
150,8600,0.8733333333333333
150,8700,0.8933333333333333
150,8800,0.8933333333333333
150,8900,0.62
150,9000,0.9133333333333333
150,9100,0.56
150,9200,0.9066666666666666
150,9300,0.9066666666666666
150,9400,0.9266666666666666
150,9500,0.92
150,9600,0.6133333333333333
150,9700,0.9066666666666666
150,9800,0.9133333333333333
150,9900,0.88
155,100,0.0
155,200,0.01935483870967742
155,300,0.2
155,400,0.0064516129032258064
155,500,0.25161290322580643
155,600,0.2709677419354839
155,700,0.0
155,800,0.2
155,900,0.32903225806451614
155,1000,0.4064516129032258
155,1100,0.44516129032258067
155,1200,0.36129032258064514
155,1300,0.2967741935483871
155,1400,0.3548387096774194
155,1500,0.34838709677419355
155,1600,0.4129032258064516
155,1700,0.3161290322580645
155,1800,0.22580645161290322
155,1900,0.24516129032258063
155,2000,0.6064516129032258
155,2100,0.2709677419354839
155,2200,0.25806451612903225
155,2300,0.27741935483870966
155,2400,0.3161290322580645
155,2500,0.3161290322580645
155,2600,0.3225806451612903
155,2700,0.27741935483870966
155,2800,0.3225806451612903
155,2900,0.32903225806451614
155,3000,0.2967741935483871
155,3100,0.2967741935483871
155,3200,0.7483870967741936
155,3300,0.32903225806451614
155,3400,0.33548387096774196
155,3500,0.3419354838709677
155,3600,0.3935483870967742
155,3700,0.4258064516129032
155,3800,0.7935483870967742
155,3900,0.3935483870967742
155,4000,0.3870967741935484
155,4100,0.38064516129032255
155,4200,0.36774193548387096
155,4300,0.47096774193548385
155,4400,0.432258064516129
155,4500,0.6838709677419355
155,4600,0.4645161290322581
155,4700,0.4645161290322581
155,4800,0.4064516129032258
155,4900,0.45161290322580644
155,5000,0.4967741935483871
155,5100,0.4967741935483871
155,5200,0.432258064516129
155,5300,0.5032258064516129
155,5400,0.4967741935483871
155,5500,0.5032258064516129
155,5600,0.535483870967742
155,5700,0.5225806451612903
155,5800,0.535483870967742
155,5900,0.7096774193548387
155,6000,0.47096774193548385
155,6100,0.5225806451612903
155,6200,0.4967741935483871
155,6300,0.4838709677419355
155,6400,0.535483870967742
155,6500,0.5225806451612903
155,6600,0.5096774193548387
155,6700,0.45806451612903226
155,6800,0.5032258064516129
155,6900,0.4838709677419355
155,7000,0.5032258064516129
155,7100,0.5032258064516129
155,7200,0.5225806451612903
155,7300,0.7225806451612903
155,7400,0.5032258064516129
155,7500,0.535483870967742
155,7600,0.5612903225806452
155,7700,0.5935483870967742
155,7800,0.9032258064516129
155,7900,0.5612903225806452
155,8000,0.5806451612903226
155,8100,0.5032258064516129
155,8200,0.5225806451612903
155,8300,0.5612903225806452
155,8400,0.5032258064516129
155,8500,0.5548387096774193
155,8600,0.5806451612903226
155,8700,0.5806451612903226
155,8800,0.5806451612903226
155,8900,0.5870967741935483
155,9000,0.5870967741935483
155,9100,0.5870967741935483
155,9200,0.8903225806451613
155,9300,0.5870967741935483
155,9400,0.6064516129032258
155,9500,0.6193548387096774
155,9600,0.6
155,9700,0.9354838709677419
155,9800,0.6129032258064516
155,9900,0.5935483870967742
160,100,0.00625
160,200,0.25
160,300,0.31875
160,400,0.0
160,500,0.2125
160,600,0.2625
160,700,0.28125
160,800,0.24375
160,900,0.28125
160,1000,0.26875
160,1100,0.3375
160,1200,0.35
160,1300,0.0
160,1400,0.39375
160,1500,0.26875
160,1600,0.0
160,1700,0.3
160,1800,0.0
160,1900,0.35625
160,2000,0.6125
160,2100,0.5875
160,2200,0.38125
160,2300,0.39375
160,2400,0.00625
160,2500,0.4375
160,2600,0.30625
160,2700,0.39375
160,2800,0.375
160,2900,0.325
160,3000,0.3375
160,3100,0.425
160,3200,0.73125
160,3300,0.7875
160,3400,0.45625
160,3500,0.7875
160,3600,0.3875
160,3700,0.48125
160,3800,0.00625
160,3900,0.79375
160,4000,0.4875
160,4100,0.53125
160,4200,0.775
160,4300,0.48125
160,4400,0.45625
160,4500,0.46875
160,4600,0.50625
160,4700,0.4625
160,4800,0.46875
160,4900,0.80625
160,5000,0.43125
160,5100,0.775
160,5200,0.53125
160,5300,0.78125
160,5400,0.80625
160,5500,0.525
160,5600,0.84375
160,5700,0.5125
160,5800,0.8375
160,5900,0.4875
160,6000,0.475
160,6100,0.5
160,6200,0.83125
160,6300,0.55
160,6400,0.8625
160,6500,0.825
160,6600,0.84375
160,6700,0.5375
160,6800,0.875
160,6900,0.8875
160,7000,0.9
160,7100,0.88125
160,7200,0.875
160,7300,0.9
160,7400,0.575
160,7500,0.88125
160,7600,0.875
160,7700,0.60625
160,7800,0.8875
160,7900,0.89375
160,8000,0.88125
160,8100,0.90625
160,8200,0.925
160,8300,0.93125
160,8400,0.925
160,8500,0.51875
160,8600,0.925
160,8700,0.875
160,8800,0.88125
160,8900,0.9125
160,9000,0.9125
160,9100,0.9125
160,9200,0.925
160,9300,0.9375
160,9400,0.91875
160,9500,0.93125
160,9600,0.925
160,9700,0.93125
160,9800,0.925
160,9900,0.90625
165,100,0.006060606060606061
165,200,0.26666666666666666
165,300,0.24242424242424243
165,400,0.23030303030303031
165,500,0.0
165,600,0.26666666666666666
165,700,0.296969696969697
165,800,0.0
165,900,0.3090909090909091
165,1000,0.32727272727272727
165,1100,0.2727272727272727
165,1200,0.3212121212121212
165,1300,0.24242424242424243
165,1400,0.2787878787878788
165,1500,0.34545454545454546
165,1600,0.2909090909090909
165,1700,0.23636363636363636
165,1800,0.32727272727272727
165,1900,0.5878787878787879
165,2000,0.296969696969697
165,2100,0.3151515151515151
165,2200,0.6060606060606061
165,2300,0.32727272727272727
165,2400,0.0
165,2500,0.296969696969697
165,2600,0.5333333333333333
165,2700,0.47878787878787876
165,2800,0.4121212121212121
165,2900,0.7090909090909091
165,3000,0.40606060606060607
165,3100,0.4909090909090909
165,3200,0.47878787878787876
165,3300,0.7333333333333333
165,3400,0.4
165,3500,0.3878787878787879
165,3600,0.503030303030303
165,3700,0.43636363636363634
165,3800,0.4
165,3900,0.41818181818181815
165,4000,0.4121212121212121
165,4100,0.4303030303030303
165,4200,0.4121212121212121
165,4300,0.41818181818181815
165,4400,0.5696969696969697
165,4500,0.7818181818181819
165,4600,0.4484848484848485
165,4700,0.593939393939394
165,4800,0.8121212121212121
165,4900,0.593939393939394
165,5000,0.46060606060606063
165,5100,0.5212121212121212
165,5200,0.4909090909090909
165,5300,0.6787878787878788
165,5400,0.509090909090909
165,5500,0.6606060606060606
165,5600,0.5151515151515151
165,5700,0.8545454545454545
165,5800,0.6606060606060606
165,5900,0.8424242424242424
165,6000,0.8484848484848485
165,6100,0.6787878787878788
165,6200,0.503030303030303
165,6300,0.6484848484848484
165,6400,0.4666666666666667
165,6500,0.5515151515151515
165,6600,0.7090909090909091
165,6700,0.6606060606060606
165,6800,0.6666666666666666
165,6900,0.6606060606060606
165,7000,0.0
165,7100,0.6787878787878788
165,7200,0.5636363636363636
165,7300,0.6
165,7400,0.6727272727272727
165,7500,0.703030303030303
165,7600,0.5696969696969697
165,7700,0.6181818181818182
165,7800,0.8606060606060606
165,7900,0.5696969696969697
165,8000,0.6606060606060606
165,8100,0.7212121212121212
165,8200,0.6666666666666666
165,8300,0.6060606060606061
165,8400,0.6484848484848484
165,8500,0.6242424242424243
165,8600,0.5818181818181818
165,8700,0.593939393939394
165,8800,0.6484848484848484
165,8900,0.6666666666666666
165,9000,0.6363636363636364
165,9100,0.7212121212121212
165,9200,0.6484848484848484
165,9300,0.6424242424242425
165,9400,0.7212121212121212
165,9500,0.703030303030303
165,9600,0.6666666666666666
165,9700,0.593939393939394
165,9800,0.6303030303030303
165,9900,0.6545454545454545
170,100,0.0
170,200,0.0
170,300,0.0
170,400,0.3411764705882353
170,500,0.0
170,600,0.31176470588235294
170,700,0.20588235294117646
170,800,0.3941176470588235
170,900,0.4
170,1000,0.0
170,1100,0.37058823529411766
170,1200,0.29411764705882354
170,1300,0.0
170,1400,0.35294117647058826
170,1500,0.3352941176470588
170,1600,0.0
170,1700,0.3176470588235294
170,1800,0.4647058823529412
170,1900,0.4
170,2000,0.0
170,2100,0.4117647058823529
170,2200,0.31176470588235294
170,2300,0.36470588235294116
170,2400,0.4235294117647059
170,2500,0.3411764705882353
170,2600,0.40588235294117647
170,2700,0.43529411764705883
170,2800,0.3764705882352941
170,2900,0.40588235294117647
170,3000,0.6588235294117647
170,3100,0.0
170,3200,0.3764705882352941
170,3300,0.43529411764705883
170,3400,0.0
170,3500,0.4411764705882353
170,3600,0.7176470588235294
170,3700,0.3411764705882353
170,3800,0.49411764705882355
170,3900,0.43529411764705883
170,4000,0.0
170,4100,0.4411764705882353
170,4200,0.4588235294117647
170,4300,0.5117647058823529
170,4400,0.40588235294117647
170,4500,0.5764705882352941
170,4600,0.7647058823529411
170,4700,0.0
170,4800,0.4117647058823529
170,4900,0.5
170,5000,0.8058823529411765
170,5100,0.7764705882352941
170,5200,0.8235294117647058
170,5300,0.8176470588235294
170,5400,0.4235294117647059
170,5500,0.8235294117647058
170,5600,0.4764705882352941
170,5700,0.48823529411764705
170,5800,0.5058823529411764
170,5900,0.5411764705882353
170,6000,0.8294117647058824
170,6100,0.8176470588235294
170,6200,0.5058823529411764
170,6300,0.5352941176470588
170,6400,0.8294117647058824
170,6500,0.5294117647058824
170,6600,0.5117647058823529
170,6700,0.5588235294117647
170,6800,0.0
170,6900,0.5411764705882353
170,7000,0.0
170,7100,0.4823529411764706
170,7200,0.5529411764705883
170,7300,0.8411764705882353
170,7400,0.8411764705882353
170,7500,0.49411764705882355
170,7600,0.0
170,7700,0.8352941176470589
170,7800,0.5705882352941176
170,7900,0.5823529411764706
170,8000,0.8705882352941177
170,8100,0.5941176470588235
170,8200,0.8705882352941177
170,8300,0.5941176470588235
170,8400,0.5823529411764706
170,8500,0.5647058823529412
170,8600,0.6
170,8700,0.5647058823529412
170,8800,0.9117647058823529
170,8900,0.5588235294117647
170,9000,0.0
170,9100,0.6352941176470588
170,9200,0.9117647058823529
170,9300,0.5411764705882353
170,9400,0.6529411764705882
170,9500,0.611764705882353
170,9600,0.611764705882353
170,9700,0.9352941176470588
170,9800,0.611764705882353
170,9900,0.5882352941176471
175,100,0.0
175,200,0.045714285714285714
175,300,0.0
175,400,0.2914285714285714
175,500,0.36
175,600,0.2342857142857143
175,700,0.2
175,800,0.22285714285714286
175,900,0.2571428571428571
175,1000,0.26285714285714284
175,1100,0.24571428571428572
175,1200,0.2571428571428571
175,1300,0.32
175,1400,0.32
175,1500,0.36
175,1600,0.29714285714285715
175,1700,0.2914285714285714
175,1800,0.30857142857142855
175,1900,0.3142857142857143
175,2000,0.3485714285714286
175,2100,0.37714285714285717
175,2200,0.4114285714285714
175,2300,0.42857142857142855
175,2400,0.42857142857142855
175,2500,0.38857142857142857
175,2600,0.37714285714285717
175,2700,0.44
175,2800,0.4742857142857143
175,2900,0.42857142857142855
175,3000,0.38285714285714284
175,3100,0.4
175,3200,0.4228571428571429
175,3300,0.42857142857142855
175,3400,0.4685714285714286
175,3500,0.41714285714285715
175,3600,0.4114285714285714
175,3700,0.4228571428571429
175,3800,0.48
175,3900,0.5485714285714286
175,4000,0.48
175,4100,0.4857142857142857
175,4200,0.5142857142857142
175,4300,0.46285714285714286
175,4400,0.6057142857142858
175,4500,0.4685714285714286
175,4600,0.4685714285714286
175,4700,0.45714285714285713
175,4800,0.44571428571428573
175,4900,0.45714285714285713
175,5000,0.4514285714285714
175,5100,0.46285714285714286
175,5200,0.44571428571428573
175,5300,0.4514285714285714
175,5400,0.4228571428571429
175,5500,0.5085714285714286
175,5600,0.4742857142857143
175,5700,0.4685714285714286
175,5800,0.48
175,5900,0.56
175,6000,0.4057142857142857
175,6100,0.5428571428571428
175,6200,0.4342857142857143
175,6300,0.8285714285714286
175,6400,0.4857142857142857
175,6500,0.49142857142857144
175,6600,0.7885714285714286
175,6700,0.8114285714285714
175,6800,0.52
175,6900,0.6171428571428571
175,7000,0.49714285714285716
175,7100,0.6057142857142858
175,7200,0.5428571428571428
175,7300,0.4685714285714286
175,7400,0.8571428571428571
175,7500,0.6
175,7600,0.49714285714285716
175,7700,0.5085714285714286
175,7800,0.5314285714285715
175,7900,0.52
175,8000,0.5714285714285714
175,8100,0.5828571428571429
175,8200,0.5885714285714285
175,8300,0.64
175,8400,0.5771428571428572
175,8500,0.56
175,8600,0.52
175,8700,0.5885714285714285
175,8800,0.5257142857142857
175,8900,0.6
175,9000,0.5714285714285714
175,9100,0.8571428571428571
175,9200,0.64
175,9300,0.6342857142857142
175,9400,0.6742857142857143
175,9500,0.5714285714285714
175,9600,0.5485714285714286
175,9700,0.6171428571428571
175,9800,0.6514285714285715
175,9900,0.6628571428571428
180,100,0.044444444444444446
180,200,0.25555555555555554
180,300,0.2
180,400,0.2833333333333333
180,500,0.25
180,600,0.2
180,700,0.2777777777777778
180,800,0.23333333333333334
180,900,0.24444444444444444
180,1000,0.3277777777777778
180,1100,0.2722222222222222
180,1200,0.3111111111111111
180,1300,0.37777777777777777
180,1400,0.35555555555555557
180,1500,0.28888888888888886
180,1600,0.43333333333333335
180,1700,0.4388888888888889
180,1800,0.4111111111111111
180,1900,0.32222222222222224
180,2000,0.37222222222222223
180,2100,0.45
180,2200,0.4222222222222222
180,2300,0.3055555555555556
180,2400,0.4722222222222222
180,2500,0.39444444444444443
180,2600,0.49444444444444446
180,2700,0.5222222222222223
180,2800,0.5333333333333333
180,2900,0.005555555555555556
180,3000,0.5333333333333333
180,3100,0.5333333333333333
180,3200,0.5444444444444444
180,3300,0.0
180,3400,0.5888888888888889
180,3500,0.6444444444444445
180,3600,0.5222222222222223
180,3700,0.6222222222222222
180,3800,0.6
180,3900,0.6111111111111112
180,4000,0.5611111111111111
180,4100,0.5833333333333334
180,4200,0.5944444444444444
180,4300,0.55
180,4400,0.6055555555555555
180,4500,0.5722222222222222
180,4600,0.6222222222222222
180,4700,0.5388888888888889
180,4800,0.5388888888888889
180,4900,0.6111111111111112
180,5000,0.6333333333333333
180,5100,0.6166666666666667
180,5200,0.6333333333333333
180,5300,0.5944444444444444
180,5400,0.6111111111111112
180,5500,0.7555555555555555
180,5600,0.5888888888888889
180,5700,0.6166666666666667
180,5800,0.005555555555555556
180,5900,0.5888888888888889
180,6000,0.6166666666666667
180,6100,0.65
180,6200,0.6333333333333333
180,6300,0.6277777777777778
180,6400,0.8277777777777777
180,6500,0.6
180,6600,0.6
180,6700,0.6888888888888889
180,6800,0.7055555555555556
180,6900,0.5833333333333334
180,7000,0.65
180,7100,0.0
180,7200,0.8222222222222222
180,7300,0.0
180,7400,0.6888888888888889
180,7500,0.7055555555555556
180,7600,0.6611111111111111
180,7700,0.8666666666666667
180,7800,0.6944444444444444
180,7900,0.7166666666666667
180,8000,0.8722222222222222
180,8100,0.6888888888888889
180,8200,0.6944444444444444
180,8300,0.6944444444444444
180,8400,0.8777777777777778
180,8500,0.7388888888888889
180,8600,0.7666666666666667
180,8700,0.55
180,8800,0.7777777777777778
180,8900,0.9111111111111111
180,9000,0.7777777777777778
180,9100,0.6666666666666666
180,9200,0.6222222222222222
180,9300,0.7777777777777778
180,9400,0.7611111111111111
180,9500,0.7777777777777778
180,9600,0.0
180,9700,0.5777777777777777
180,9800,0.5777777777777777
180,9900,0.9111111111111111
185,100,0.0
185,200,0.0
185,300,0.0
185,400,0.24324324324324326
185,500,0.25405405405405407
185,600,0.2918918918918919
185,700,0.1945945945945946
185,800,0.23243243243243245
185,900,0.3945945945945946
185,1000,0.2972972972972973
185,1100,0.2972972972972973
185,1200,0.24864864864864866
185,1300,0.2864864864864865
185,1400,0.34054054054054056
185,1500,0.5459459459459459
185,1600,0.33513513513513515
185,1700,0.3027027027027027
185,1800,0.5081081081081081
185,1900,0.43243243243243246
185,2000,0.2594594594594595
185,2100,0.2864864864864865
185,2200,0.43243243243243246
185,2300,0.43243243243243246
185,2400,0.35135135135135137
185,2500,0.33513513513513515
185,2600,0.35135135135135137
185,2700,0.3837837837837838
185,2800,0.3567567567567568
185,2900,0.3837837837837838
185,3000,0.3837837837837838
185,3100,0.3837837837837838
185,3200,0.42162162162162165
185,3300,0.6054054054054054
185,3400,0.44324324324324327
185,3500,0.40540540540540543
185,3600,0.42162162162162165
185,3700,0.5459459459459459
185,3800,0.42162162162162165
185,3900,0.4864864864864865
185,4000,0.42702702702702705
185,4100,0.42702702702702705
185,4200,0.43783783783783786
185,4300,0.43783783783783786
185,4400,0.4810810810810811
185,4500,0.4864864864864865
185,4600,0.4864864864864865
185,4700,0.4918918918918919
185,4800,0.4756756756756757
185,4900,0.4756756756756757
185,5000,0.5405405405405406
185,5100,0.5081081081081081
185,5200,0.6594594594594595
185,5300,0.5513513513513514
185,5400,0.5621621621621622
185,5500,0.5135135135135135
185,5600,0.4972972972972973
185,5700,0.4756756756756757
185,5800,0.6108108108108108
185,5900,0.5621621621621622
185,6000,0.5513513513513514
185,6100,0.0
185,6200,0.5243243243243243
185,6300,0.5081081081081081
185,6400,0.5567567567567567
185,6500,0.5783783783783784
185,6600,0.5459459459459459
185,6700,0.5297297297297298
185,6800,0.5675675675675675
185,6900,0.5243243243243243
185,7000,0.5621621621621622
185,7100,0.5675675675675675
185,7200,0.8162162162162162
185,7300,0.5351351351351351
185,7400,0.8162162162162162
185,7500,0.5459459459459459
185,7600,0.5891891891891892
185,7700,0.5567567567567567
185,7800,0.5459459459459459
185,7900,0.5243243243243243
185,8000,0.572972972972973
185,8100,0.5891891891891892
185,8200,0.5621621621621622
185,8300,0.5675675675675675
185,8400,0.8756756756756757
185,8500,0.6108108108108108
185,8600,0.6
185,8700,0.6054054054054054
185,8800,0.6324324324324324
185,8900,0.6216216216216216
185,9000,0.6162162162162163
185,9100,0.6270270270270271
185,9200,0.918918918918919
185,9300,0.6162162162162163
185,9400,0.6756756756756757
185,9500,0.6594594594594595
185,9600,0.6702702702702703
185,9700,0.6432432432432432
185,9800,0.654054054054054
185,9900,0.6324324324324324
190,100,0.010526315789473684
190,200,0.015789473684210527
190,300,0.0
190,400,0.0
190,500,0.33157894736842103
190,600,0.37894736842105264
190,700,0.0
190,800,0.45789473684210524
190,900,0.30526315789473685
190,1000,0.43157894736842106
190,1100,0.4842105263157895
190,1200,0.0
190,1300,0.0
190,1400,0.48947368421052634
190,1500,0.005263157894736842
190,1600,0.46842105263157896
190,1700,0.0
190,1800,0.0
190,1900,0.0
190,2000,0.0
190,2100,0.5631578947368421
190,2200,0.0
190,2300,0.3157894736842105
190,2400,0.43157894736842106
190,2500,0.0
190,2600,0.35789473684210527
190,2700,0.0
190,2800,0.4
190,2900,0.6210526315789474
190,3000,0.6578947368421053
190,3100,0.0
190,3200,0.0
190,3300,0.7052631578947368
190,3400,0.41578947368421054
190,3500,0.6526315789473685
190,3600,0.39473684210526316
190,3700,0.4842105263157895
190,3800,0.0
190,3900,0.42105263157894735
190,4000,0.5578947368421052
190,4100,0.0
190,4200,0.005263157894736842
190,4300,0.5
190,4400,0.3736842105263158
190,4500,0.7473684210526316
190,4600,0.6368421052631579
190,4700,0.0
190,4800,0.631578947368421
190,4900,0.0
190,5000,0.4
190,5100,0.6526315789473685
190,5200,0.4368421052631579
190,5300,0.5684210526315789
190,5400,0.5526315789473685
190,5500,0.0
190,5600,0.4052631578947368
190,5700,0.7894736842105263
190,5800,0.7947368421052632
190,5900,0.4368421052631579
190,6000,0.45263157894736844
190,6100,0.41578947368421054
190,6200,0.8052631578947368
190,6300,0.7789473684210526
190,6400,0.4263157894736842
190,6500,0.8210526315789474
190,6600,0.8263157894736842
190,6700,0.8473684210526315
190,6800,0.0
190,6900,0.8421052631578947
190,7000,0.8421052631578947
190,7100,0.8526315789473684
190,7200,0.8526315789473684
190,7300,0.5473684210526316
190,7400,0.7052631578947368
190,7500,0.8578947368421053
190,7600,0.49473684210526314
190,7700,0.8157894736842105
190,7800,0.46842105263157896
190,7900,0.8263157894736842
190,8000,0.5421052631578948
190,8100,0.8631578947368421
190,8200,0.0
190,8300,0.8631578947368421
190,8400,0.8526315789473684
190,8500,0.8736842105263158
190,8600,0.0
190,8700,0.5157894736842106
190,8800,0.8368421052631579
190,8900,0.8578947368421053
190,9000,0.0
190,9100,0.8789473684210526
190,9200,0.868421052631579
190,9300,0.7210526315789474
190,9400,0.8842105263157894
190,9500,0.5263157894736842
190,9600,0.6526315789473685
190,9700,0.6105263157894737
190,9800,0.7157894736842105
190,9900,0.8631578947368421
195,100,0.020512820512820513
195,200,0.22564102564102564
195,300,0.26666666666666666
195,400,0.28205128205128205
195,500,0.26666666666666666
195,600,0.2153846153846154
195,700,0.2717948717948718
195,800,0.28717948717948716
195,900,0.4153846153846154
195,1000,0.28717948717948716
195,1100,0.2512820512820513
195,1200,0.3230769230769231
195,1300,0.35384615384615387
195,1400,0.26153846153846155
195,1500,0.38974358974358975
195,1600,0.31794871794871793
195,1700,0.0
195,1800,0.4358974358974359
195,1900,0.2717948717948718
195,2000,0.0
195,2100,0.41025641025641024
195,2200,0.3435897435897436
195,2300,0.4666666666666667
195,2400,0.37435897435897436
195,2500,0.4717948717948718
195,2600,0.38974358974358975
195,2700,0.38974358974358975
195,2800,0.0
195,2900,0.4
195,3000,0.40512820512820513
195,3100,0.4205128205128205
195,3200,0.441025641025641
195,3300,0.441025641025641
195,3400,0.4205128205128205
195,3500,0.46153846153846156
195,3600,0.441025641025641
195,3700,0.4358974358974359
195,3800,0.4512820512820513
195,3900,0.4717948717948718
195,4000,0.48205128205128206
195,4100,0.5282051282051282
195,4200,0.48205128205128206
195,4300,0.49743589743589745
195,4400,0.517948717948718
195,4500,0.49743589743589745
195,4600,0.5025641025641026
195,4700,0.49230769230769234
195,4800,0.4666666666666667
195,4900,0.5025641025641026
195,5000,0.4
195,5100,0.5025641025641026
195,5200,0.4153846153846154
195,5300,0.5230769230769231
195,5400,0.5128205128205128
195,5500,0.5794871794871795
195,5600,0.5230769230769231
195,5700,0.5230769230769231
195,5800,0.5282051282051282
195,5900,0.5487179487179488
195,6000,0.5333333333333333
195,6100,0.5794871794871795
195,6200,0.6615384615384615
195,6300,0.5384615384615384
195,6400,0.5282051282051282
195,6500,0.5128205128205128
195,6600,0.6
195,6700,0.5538461538461539
195,6800,0.6923076923076923
195,6900,0.5538461538461539
195,7000,0.5538461538461539
195,7100,0.5948717948717949
195,7200,0.5230769230769231
195,7300,0.5794871794871795
195,7400,0.6153846153846154
195,7500,0.5794871794871795
195,7600,0.5692307692307692
195,7700,0.5897435897435898
195,7800,0.5846153846153846
195,7900,0.5897435897435898
195,8000,0.5743589743589743
195,8100,0.6153846153846154
195,8200,0.5794871794871795
195,8300,0.5897435897435898
195,8400,0.6256410256410256
195,8500,0.5794871794871795
195,8600,0.8358974358974359
195,8700,0.005128205128205128
195,8800,0.5641025641025641
195,8900,0.7384615384615385
195,9000,0.6153846153846154
195,9100,0.6102564102564103
195,9200,0.5897435897435898
195,9300,0.6256410256410256
195,9400,0.5846153846153846
195,9500,0.6358974358974359
195,9600,0.6307692307692307
195,9700,0.6615384615384615
195,9800,0.6410256410256411
195,9900,0.8717948717948718
